cpu_usage,network_usage,data_transfer_gb,active_hours,emission_estimate,label
-1.1046326307348076,1.3595030937407444,-1.3334825886381616,-0.3491954991409531,-0.2824027252619692,1
-0.5739116065651638,-0.43092108918900646,1.0646982428924907,-1.0720677717209004,-0.10204825746075424,1
0.4496217971905777,0.6664356680905182,-0.9808089369424775,0.8074001369869624,0.24478725754158243,1
0.7528909538589456,0.05037573417920612,0.5709551305185329,-0.3491954991409531,0.7303569785448539,1
0.2979872188563938,1.3595030937407444,-0.4165310942293828,-1.3612166807528792,0.9384582875462558,1
1.3973379117792273,-0.35391359745009243,-0.8397394762642038,0.5182512279549836,0.09911634124060105,1
-0.23273380531324994,0.8974581433072603,1.699510815944722,-1.0720677717209004,1.3546609055490595,1
1.5110638455298653,-0.41166921625427794,1.5584413552664484,0.8074001369869624,1.2991672231486857,1
0.18426128510575585,-1.6245372111421736,0.21828147882284868,1.674846864082899,-0.9622003346665493,1
-1.3699931428196295,0.9937175079809027,1.4173718945881748,-0.638344408172932,0.6609898755443862,1
-1.5595363657373593,0.8011987786336178,-1.6156215099947089,-0.060046590108974215,-1.0731876994672969,0
0.6770736646918536,-0.31540985158063545,-0.4165310942293828,0.08452786440701522,-0.06042799566047412,1
-0.23273380531324994,0.8782062703725317,-1.4040173189772984,-0.20462104462496367,-0.18528878106131513,1
-0.11900787156261201,-0.2961579786459069,-0.4165310942293828,0.9519745915029519,-0.48356732396332447,1
-0.23273380531324994,-1.41276660886016,0.7825593215359433,1.2411235005349308,-0.761035735965194,1
-1.1046326307348076,-0.045883630494436396,1.6289760856055853,-0.49376995365694254,0.16154673394102156,1
0.41171315260703173,1.2824956020018303,-1.6156215099947089,-1.5057911352688687,0.35577462234233026,1
0.5254390863576697,0.14663509885284864,-0.27546163355110914,-1.2166422262368897,0.2586606781416756,1
0.8666168876095836,0.22364259059176264,0.14774674848371183,-1.5057911352688687,0.7095468476447135,1
1.0182514659437674,-1.1239885148392326,-1.0513436672816143,-0.060046590108974215,-0.7679724462652406,1
0.5633477309412157,-1.2394997524476037,1.0646982428924907,-1.0720677717209004,-0.06042799566047412,1
0.4496217971905777,0.4931688116779617,0.8530940518750801,1.3856979550509203,1.0216988111468166,1
0.032626706771571916,-1.1432403877739612,-1.6156215099947089,0.37367677343899414,-1.6003776822708489,0
-0.3085510944803419,-0.46942483505846344,-0.9102742066033406,0.37367677343899414,-0.9552636243665025,1
0.14635264052220986,1.5520218230880294,-1.192413127959888,-0.638344408172932,0.6124329034440594,1
1.0182514659437674,-0.02663175755970789,0.9941635125533538,1.674846864082899,1.0286355214468632,1
-1.2562672090689915,-0.18064674103753592,0.006677287805438178,-1.2166422262368897,-0.816529418365568,1
-0.9150894078170776,-1.4320184817948887,-0.20492690321197232,-1.0720677717209004,-1.6350612337710824,0
0.22216992968930183,-1.3165072441865175,-1.3334825886381616,0.37367677343899414,-1.4824536071700545,0
-0.7634548294828937,1.5520218230880294,0.006677287805438178,0.8074001369869624,0.7026101373446669,1
0.8666168876095836,1.0707249997198167,-0.7692047459250669,-1.6503655897848581,0.869091184545788,1
1.2836119780285893,1.725288679500586,-1.2629478582990248,-0.9274933172049109,1.3269140643488726,1
-1.5595363657373593,-0.5079285809279205,-1.2629478582990248,1.674846864082899,-1.8431625427724845,0
-0.8771807632335317,-0.43092108918900646,-1.192413127959888,1.5302724095669096,-1.3784029526693535,0
-1.5974450103209052,0.3584057011348622,0.923628782214217,-1.0720677717209004,-0.16447865016117474,1
1.1698860442779513,1.7445405524353144,1.5584413552664484,1.3856979550509203,2.665699152257892,1
-1.5595363657373593,0.031123861244477618,-0.20492690321197232,0.37367677343899414,-0.9344534934663624,1
1.4352465563627732,0.9167100162419888,1.6289760856055853,1.674846864082899,2.2494965342550883,1
0.6012563755247616,0.4161613199390477,-0.20492690321197232,-0.49376995365694254,0.5291923798434987,1
1.5868811346969571,-0.1421429951680789,-0.9102742066033406,0.5182512279549836,0.3210910708420967,1
0.9045255321931295,-1.2780034983170605,-0.34599636389024596,-1.2166422262368897,-0.5945546887640722,1
-0.043190582395520045,-1.1624922607086896,0.7120245911968065,0.8074001369869624,-0.5113141651635115,1
-0.4980943173980718,-1.5090259735338027,1.4879066249273116,-1.0720677717209004,-0.6292382402643059,1
-0.043190582395520045,0.6664356680905182,-0.7692047459250669,1.0965490460189413,0.07830621034046067,1
0.9424341767766755,1.4365105854796583,-0.9808089369424775,0.662825682470973,1.0702557832471433,1
0.7907995984424916,-1.4897741005990741,-0.8397394762642038,-0.3491954991409531,-1.0523775685671568,0
0.7528909538589456,-1.7207965758158161,0.923628782214217,1.674846864082899,-0.37257995916257663,1
1.3215206226121352,1.725288679500586,-0.9102742066033406,-0.638344408172932,1.5211419527501813,1
-1.2183585644854455,-1.1239885148392326,1.2763024339099012,0.37367677343899414,-0.8512129698658015,1
1.0940687551108594,1.7060368065658573,-1.1218783976207511,0.662825682470973,1.2783570922485459,1
1.2836119780285893,1.2439918561323733,-0.6986700155859301,1.5302724095669096,1.2575469613484056,1
-0.4980943173980718,-0.565684199732106,0.2888162091619855,-1.0720677717209004,-0.5390610063636984,1
0.6012563755247616,-0.835210420818305,0.7120245911968065,1.0965490460189413,0.07830621034046067,1
1.2077946888614974,0.3391538282001337,-0.6281352852467933,-1.6503655897848581,0.5985594828439657,1
-1.5216277211538134,-0.18064674103753592,-0.9808089369424775,1.674846864082899,-1.4477700556698205,0
0.4496217971905777,-0.48867670799319196,1.0646982428924907,1.5302724095669096,0.41820501504275076,1
-0.9150894078170776,0.8204506515683463,0.8530940518750801,0.8074001369869624,0.5083822489433583,1
0.9424341767766755,1.0129693809156313,0.7825593215359433,0.22910231892300467,1.632129317550929,1
0.8666168876095836,1.5905255689574864,-1.7566909706729825,-0.9274933172049109,0.7581038197450408,1
-0.4601856728145258,1.4750143313491153,-1.0513436672816143,-0.3491954991409531,0.29334422964190976,1
-1.3699931428196295,-0.989225404296133,-1.1218783976207511,1.674846864082899,-2.016580300273653,0
-1.2941758536525374,1.3209993478712874,-0.6986700155859301,-0.3491954991409531,-0.10204825746075424,1
0.6012563755247616,-0.8929660396224905,-0.7692047459250669,-1.3612166807528792,-0.6916686329647269,1
0.7149823092753996,0.12738322591812012,-1.545086779655572,0.662825682470973,-0.2754660149619226,1
0.0705353513551179,-0.39241734331954947,-1.2629478582990248,-0.638344408172932,-0.865086390465895,1
-1.3699931428196295,1.3209993478712874,1.4173718945881748,0.662825682470973,0.896838025745975,1
-0.3464597390638879,0.3584057011348622,0.21828147882284868,0.9519745915029519,0.17542015454111473,1
-1.5974450103209052,1.6097774418922148,-1.3334825886381616,0.37367677343899414,-0.37257995916257663,1
-1.1046326307348076,-0.450172962123735,-0.4165310942293828,-0.3491954991409531,-1.1356180921677177,0
0.2600785742728478,-0.10363924929862191,-1.1218783976207511,-1.0720677717209004,-0.48356732396332447,1
-1.6353536549044512,-1.41276660886016,0.9941635125533538,-1.6503655897848581,-1.4269599247696805,0
0.5633477309412157,0.12738322591812012,0.35935093950112235,-0.49376995365694254,0.5777493519438254,1
0.37380450802348575,0.4161613199390477,0.42988566984025917,0.8074001369869624,0.7164835579447602,1
1.4352465563627732,-1.5860334652727166,-1.7566909706729825,1.0965490460189413,-1.2188586157682786,0
-1.2183585644854455,0.9937175079809027,1.0646982428924907,-0.638344408172932,0.5708126416437788,1
-1.2562672090689915,-0.9314697854919476,-1.3334825886381616,-1.6503655897848581,-2.016580300273653,0
-1.1804499199018994,-0.835210420818305,0.2888162091619855,-1.5057911352688687,-1.1078712509675308,0
-0.42227702823097985,1.3787549666754728,0.500420400179396,1.674846864082899,1.007825390546723,1
-1.3320844982360833,0.7049394139599753,-0.5576005549076565,-1.3612166807528792,-0.49744074456341825,1
-0.9529980524006236,-0.2961579786459069,1.5584413552664484,1.0965490460189413,0.029749238240133348,1
-0.2706424498967959,1.03222125385036,1.6289760856055853,-0.49376995365694254,1.3962811673493403,1
-0.5360029619816178,-1.682292829946359,0.07721201814457501,-0.7829188626889214,-1.4685801865699608,0
-0.4980943173980718,0.7241912868947037,0.6414898608576697,-1.3612166807528792,0.5638759313437322,1
-0.38436838364743386,0.7049394139599753,-0.27546163355110914,-0.20462104462496367,0.16154673394102156,1
-0.9909066969841696,-1.0854847689697755,0.7825593215359433,-1.2166422262368897,-0.941390203766409,1
1.1319773996944054,0.7241912868947037,-1.6156215099947089,0.5182512279549836,0.34883791204228304,1
0.6770736646918536,-0.7389510561446625,0.21828147882284868,0.5182512279549836,-0.05349128536042692,1
-0.11900787156261201,0.8204506515683463,1.1352329732316275,-0.49376995365694254,1.0841292038472372,1
-0.005281937811974064,1.7445405524353144,0.006677287805438178,0.08452786440701522,1.2575469613484056,1
-1.6353536549044512,-1.5282778464685312,-0.6986700155859301,-0.3491954991409531,-2.3426056843758496,0
1.5110638455298653,-0.6234398185362915,-1.2629478582990248,-1.2166422262368897,-0.24078246346168905,1
-1.1425412753183535,-0.758202929079391,-1.0513436672816143,-1.3612166807528792,-1.6905549161714561,0
1.0182514659437674,0.3969094470043192,-1.7566909706729825,0.9519745915029519,-0.018807733860193368,1
1.4731552009463191,0.4739169387432332,-1.3334825886381616,-0.7829188626889214,0.49450882834326504,1
1.4352465563627732,1.532769950153301,0.8530940518750801,1.0965490460189413,2.3119269269555085,1
0.9045255321931295,-0.41166921625427794,0.7825593215359433,0.08452786440701522,0.5846860622438725,1
-0.08109922697906603,-0.719699183209934,0.500420400179396,-1.0720677717209004,-0.31708627676220336,1
-0.23273380531324994,0.9359618891767173,-0.6281352852467933,0.662825682470973,0.23785054724153584,1
1.2457033334450434,-1.5475297194032596,-1.7566909706729825,-0.20462104462496367,-1.2951624290687926,0
1.4352465563627732,1.2439918561323733,-0.06385744253369866,-0.060046590108974215,1.6529394484510695,1
-0.4980943173980718,1.4750143313491153,-0.6986700155859301,-1.6503655897848581,0.4459518562429377,1
1.3215206226121352,-0.681195437340477,0.500420400179396,-1.3612166807528792,0.48063540774317126,1
0.6391650201083077,0.4931688116779617,0.2888162091619855,-1.6503655897848581,0.8482810536456483,1
-1.7490795886550892,0.031123861244477618,1.4879066249273116,0.37367677343899414,-0.2060989119614555,1
-1.4837190765702672,1.5905255689574864,-1.2629478582990248,0.08452786440701522,-0.28933943556201636,1
-0.42227702823097985,-0.758202929079391,0.07721201814457501,0.37367677343899414,-0.7402256050650536,1
0.6770736646918536,1.3017474749365587,-1.1218783976207511,1.3856979550509203,0.7581038197450408,1
-1.2941758536525374,1.725288679500586,1.1352329732316275,-1.2166422262368897,1.0910659141472838,1
0.7528909538589456,0.8397025245030748,0.7120245911968065,-1.3612166807528792,1.3685343261491534,1
-1.5974450103209052,0.20439071765703415,-0.9808089369424775,-0.7829188626889214,-1.2119219054682318,0
-0.6497288957322558,0.5509244304821472,-1.192413127959888,0.08452786440701522,-0.545997716663745,1
-1.0667239861512616,-0.527180453862649,-0.9102742066033406,-0.3491954991409531,-1.413086504169587,0
-1.5595363657373593,1.6290293148269435,0.7120245911968065,-1.0720677717209004,0.6679265858444334,1
0.14635264052220986,1.5520218230880294,1.2057677035707643,-0.20462104462496367,1.7916736544520038,1
1.1698860442779513,0.9167100162419888,0.6414898608576697,-1.6503655897848581,1.6182558969508354,1
0.2979872188563938,0.43541319287377617,1.5584413552664484,0.5182512279549836,1.2436735407483117,1
0.032626706771571916,-1.5475297194032596,0.42988566984025917,0.662825682470973,-0.885896521366035,1
1.5110638455298653,-0.6234398185362915,0.8530940518750801,-0.20462104462496367,0.799724081545321,1
1.4352465563627732,-1.41276660886016,-0.13439217287283547,-1.3612166807528792,-0.29627614586206297,1
-1.4458104319867213,-1.02772915016559,-0.34599636389024596,-0.7829188626889214,-1.7044283367715498,0
1.1698860442779513,-0.1421429951680789,0.7825593215359433,0.08452786440701522,0.924584866946162,1
1.1319773996944054,-0.7774548020141195,1.346837164249038,-0.060046590108974215,0.7234202682448067,1
-0.11900787156261201,0.8782062703725317,0.6414898608576697,-0.7829188626889214,0.8829646051458818,1
-1.4079017874031754,1.4172587125449299,0.6414898608576697,-1.3612166807528792,0.5638759313437322,1
-0.9529980524006236,0.011871988309749115,-0.5576005549076565,-0.7829188626889214,-0.788782577165381,1
0.8666168876095836,-1.2394997524476037,-1.3334825886381616,-0.638344408172932,-1.0731876994672969,0
0.5254390863576697,-1.1239885148392326,0.21828147882284868,-0.060046590108974215,-0.41420022096285736,1
-1.2562672090689915,0.24289446352649116,1.5584413552664484,-0.3491954991409531,0.25172396784162904,1
-1.0667239861512616,-0.16139486810280743,1.1352329732316275,1.2411235005349308,-0.143668519261035,1
0.41171315260703173,0.5124206846126902,1.699510815944722,-0.7829188626889214,1.4309647188495738,1
0.4875304417741237,1.03222125385036,-0.20492690321197232,1.5302724095669096,0.9107114463460688,1
1.2457033334450434,-0.0651355034291649,0.7120245911968065,0.08452786440701522,0.9870152596465831,1
-1.5595363657373593,-0.46942483505846344,-0.20492690321197232,-0.7829188626889214,-1.2951624290687926,0
-0.8013634740664397,0.37765757406959066,0.14774674848371183,-1.3612166807528792,-0.09511154716070766,1
1.2836119780285893,-1.4705222276643457,0.923628782214217,0.9519745915029519,0.09911634124060105,1
-1.0288153415677155,-0.758202929079391,0.21828147882284868,-0.3491954991409531,-1.0038205964668299,1
1.4731552009463191,-0.46942483505846344,0.5709551305185329,0.9519745915029519,0.7511671094449937,1
0.9803428213602214,0.6086800492863327,-1.0513436672816143,0.8074001369869624,0.4598252768430309,1
0.4496217971905777,1.1862362373281878,-0.6281352852467933,0.662825682470973,0.7927873712452744,1
-1.0288153415677155,0.3969094470043192,-1.2629478582990248,0.37367677343899414,-0.8997699419661286,1
-0.19482516072970396,0.18513884472230566,-0.34599636389024596,1.674846864082899,-0.143668519261035,1
0.032626706771571916,1.1092287455892738,-1.6156215099947089,0.8074001369869624,0.02281252794008676,1
1.2457033334450434,1.1092287455892738,-1.6861562403338457,-1.3612166807528792,0.6540531652443397,1
-0.043190582395520045,0.6279319222210612,-0.13439217287283547,1.674846864082899,0.36271133264237687,1
-0.38436838364743386,0.8974581433072603,-0.8397394762642038,-1.2166422262368897,0.02281252794008676,1
-1.5595363657373593,1.263243729067102,-1.2629478582990248,-0.20462104462496367,-0.5668078475638854,1
-1.2183585644854455,1.5135180772185723,0.5709551305185329,-0.7829188626889214,0.7026101373446669,1
0.5254390863576697,0.9359618891767173,-0.13439217287283547,-1.3612166807528792,0.896838025745975,1
-0.8392721186499856,-0.5464323267973775,-0.13439217287283547,-0.638344408172932,-0.9205800728662689,1
-0.5739116065651638,1.7445405524353144,0.500420400179396,1.0965490460189413,1.1881798583479384,1
1.3973379117792273,-1.3357591171212462,-1.1218783976207511,0.08452786440701522,-0.7471623153651006,1
1.3215206226121352,0.7819469056988892,-0.34599636389024596,0.22910231892300467,1.1188127553474707,1
-0.4980943173980718,-1.5282778464685312,0.42988566984025917,-0.7829188626889214,-1.1633649333679046,0
0.8666168876095836,-1.4897741005990741,-0.9808089369424775,-0.3491954991409531,-1.0801244097673437,0
-0.15691651614615798,1.1862362373281878,0.7120245911968065,-0.20462104462496367,1.1188127553474707,1
0.14635264052220986,-1.451270354729617,-1.4745520493164352,-1.2166422262368897,-1.6905549161714561,0
-1.2183585644854455,0.8974581433072603,-0.48706582456851966,0.9519745915029519,-0.2615925943618294,1
-0.2706424498967959,0.9552137621114458,-1.3334825886381616,-1.2166422262368897,-0.11592167806084804,1
0.41171315260703173,-0.8159585478835766,1.699510815944722,-0.7829188626889214,0.4736986974431247,1
-1.2941758536525374,-0.31540985158063545,-0.48706582456851966,-1.2166422262368897,-1.177238353967998,0
-1.4837190765702672,0.7626950327641607,-0.9102742066033406,-0.3491954991409531,-0.7124787638648667,1
0.6391650201083077,-0.989225404296133,-1.545086779655572,-1.6503655897848581,-1.1217446715676243,0
0.18426128510575585,-0.12289112223335041,-0.6281352852467933,1.3856979550509203,-0.29627614586206297,1
-0.7634548294828937,0.9167100162419888,-0.4165310942293828,1.674846864082899,0.03668594854018055,1
-0.19482516072970396,-1.1047366419045042,1.0646982428924907,-1.6503655897848581,-0.37951666946262386,1
-0.6497288957322558,-0.2769061057111784,0.500420400179396,0.22910231892300467,-0.31014956646215613,1
0.33589586343993977,1.5712736960227578,-1.0513436672816143,0.22910231892300467,0.799724081545321,1
1.6626984238640492,-1.6630409570116307,0.9941635125533538,0.37367677343899414,0.20316699574130168,1
0.2979872188563938,-0.21915048690699293,1.699510815944722,-0.20462104462496367,0.8413443433456017,1
1.1319773996944054,0.7241912868947037,-0.34599636389024596,0.08452786440701522,0.9731418390464893,1
-0.8392721186499856,-0.8544622937530335,0.35935093950112235,1.0965490460189413,-0.8997699419661286,1
-0.19482516072970396,0.5316725575474187,0.923628782214217,0.5182512279549836,0.7303569785448539,1
-0.23273380531324994,-0.10363924929862191,0.6414898608576697,0.22910231892300467,0.11298976184069422,1
-0.15691651614615798,-1.5860334652727166,0.7120245911968065,-1.2166422262368897,-0.8789598110659885,1
1.624789779280503,0.12738322591812012,-0.5576005549076565,0.5182512279549836,0.7095468476447135,1
-0.043190582395520045,0.011871988309749115,-0.8397394762642038,-0.3491954991409531,-0.4280736415629505,1
-1.6353536549044512,0.08887948004866313,1.1352329732316275,-0.9274933172049109,-0.2754660149619226,1
1.3594292671956814,-0.0651355034291649,1.346837164249038,0.37367677343899414,1.3615976158491068,1
1.0561601105273135,-0.31540985158063545,0.42988566984025917,-0.060046590108974215,0.5638759313437322,1
1.5110638455298653,-1.41276660886016,-0.9808089369424775,0.662825682470973,-0.6708585020645866,1
1.5110638455298653,-1.258751625382332,-1.7566909706729825,-0.3491954991409531,-0.941390203766409,1
1.0561601105273135,-1.6437890840769023,1.0646982428924907,0.22910231892300467,-0.08123812656061387,1
1.0182514659437674,1.3787549666754728,-1.6861562403338457,0.22910231892300467,0.7234202682448067,1
0.41171315260703173,-1.4320184817948887,1.4879066249273116,-0.060046590108974215,-0.07430141626056729,1
-1.5974450103209052,0.6279319222210612,-0.48706582456851966,-0.3491954991409531,-0.66392179176454,1
0.6012563755247616,-0.21915048690699293,1.699510815944722,1.5302724095669096,1.007825390546723,1
1.3973379117792273,-1.220247879512875,-1.3334825886381616,-1.2166422262368897,-0.7679724462652406,1
0.6770736646918536,0.3006500823306767,1.4879066249273116,0.22910231892300467,1.319977354048826,1
1.6626984238640492,0.20439071765703415,-0.6986700155859301,-0.638344408172932,0.7164835579447602,1
-0.15691651614615798,-1.7015447028810877,1.0646982428924907,0.5182512279549836,-0.788782577165381,1
1.2836119780285893,-0.1421429951680789,0.7120245911968065,0.08452786440701522,0.9523317081463489,1
0.2600785742728478,1.1862362373281878,-1.545086779655572,-1.2166422262368897,0.23785054724153584,1
-0.15691651614615798,1.6482811877616719,-0.6281352852467933,-0.20462104462496367,0.7927873712452744,1
0.37380450802348575,-1.0662328960350471,-1.1218783976207511,-0.060046590108974215,-1.1148079612675774,0
1.0940687551108594,-1.6245372111421736,0.42988566984025917,-0.9274933172049109,-0.35870653856248347,1
-1.7111709440715432,0.8011987786336178,-0.4165310942293828,0.8074001369869624,-0.5668078475638854,1
-0.005281937811974064,0.9744656350461743,-0.8397394762642038,0.662825682470973,0.28640751934186254,1
-0.7634548294828937,-0.1421429951680789,0.6414898608576697,-0.7829188626889214,-0.2060989119614555,1
0.6012563755247616,1.3402512208060158,0.7120245911968065,-1.2166422262368897,1.6460027381510223,1
0.4875304417741237,-1.4320184817948887,0.500420400179396,-1.3612166807528792,-0.5182508754635586,1
0.5633477309412157,0.8011987786336178,0.923628782214217,-0.9274933172049109,1.3407874849489663,1
-0.15691651614615798,-1.3165072441865175,-1.2629478582990248,-1.2166422262368897,-1.6558713646712226,0
1.3973379117792273,-1.2780034983170605,1.4879066249273116,-1.0720677717209004,0.5777493519438254,1
-0.8013634740664397,1.1477324914587308,-0.5576005549076565,-1.2166422262368897,0.11298976184069422,1
1.1319773996944054,0.43541319287377617,0.923628782214217,0.9519745915029519,1.389344457049293,1
-0.4980943173980718,1.1284806185240024,0.21828147882284868,-0.638344408172932,0.647116454944293,1
0.6391650201083077,-0.7774548020141195,-1.6861562403338457,0.37367677343899414,-1.0385041479670634,1
0.6012563755247616,-1.0469810231003185,1.1352329732316275,-0.9274933172049109,0.1337998927408346,1
-0.4601856728145258,1.2054881102629162,-0.27546163355110914,-0.49376995365694254,0.48063540774317126,1
0.7907995984424916,0.8974581433072603,0.8530940518750801,-0.49376995365694254,1.500331821850041,1
0.6391650201083077,-1.181744133643418,0.2888162091619855,1.5302724095669096,-0.35870653856248347,1
1.0182514659437674,-0.5464323267973775,1.5584413552664484,1.3856979550509203,0.9315215772462092,1
-1.1425412753183535,-0.8159585478835766,-0.9102742066033406,-1.2166422262368897,-1.6628080749712693,0
0.10844399593866388,-1.3742628629907032,0.6414898608576697,1.674846864082899,-0.6153648196642126,1
-0.11900787156261201,-1.6437890840769023,0.7120245911968065,-0.638344408172932,-0.8997699419661286,1
-0.38436838364743386,1.6097774418922148,0.9941635125533538,-0.9274933172049109,1.4379014291496204,1
0.9045255321931295,-1.4897741005990741,-1.6861562403338457,1.674846864082899,-1.40614979386954,0
-0.005281937811974064,0.031123861244477618,-0.9808089369424775,1.2411235005349308,-0.4627571930631847,1
0.6770736646918536,-1.6052853382074452,1.2763024339099012,-0.638344408172932,-0.15754193986112816,1
-1.0288153415677155,0.7241912868947037,-1.192413127959888,1.0965490460189413,-0.6292382402643059,1
-0.9529980524006236,-0.565684199732106,0.35935093950112235,-0.7829188626889214,-0.7540990256651472,1
-0.043190582395520045,1.2439918561323733,-0.34599636389024596,-1.0720677717209004,0.7026101373446669,1
1.0182514659437674,-1.5860334652727166,-0.48706582456851966,0.22910231892300467,-0.8234661286656145,1
0.22216992968930183,0.05037573417920612,1.4173718945881748,-1.5057911352688687,0.8552177639456949,1
0.9045255321931295,-0.39241734331954947,-0.9102742066033406,1.0965490460189413,-0.23384575316164247,1
0.9045255321931295,0.3006500823306767,0.7825593215359433,0.662825682470973,1.0980026244473304,1
-1.7111709440715432,0.4931688116779617,0.2888162091619855,-0.9274933172049109,-0.44194706216304436,1
-0.8771807632335317,0.9167100162419888,-1.3334825886381616,1.674846864082899,-0.47663061366327786,1
-0.8013634740664397,1.3787549666754728,-0.5576005549076565,-0.20462104462496367,0.279470809041816,1
1.3215206226121352,-1.1239885148392326,1.2057677035707643,0.5182512279549836,0.5083822489433583,1
0.5633477309412157,1.6482811877616719,0.500420400179396,1.2411235005349308,1.743116682351677,1
-0.8392721186499856,0.8011987786336178,0.21828147882284868,1.3856979550509203,0.22397712664144206,1
0.6391650201083077,-1.3165072441865175,1.6289760856055853,0.662825682470973,0.20316699574130168,1
-1.1425412753183535,-0.7389510561446625,0.7825593215359433,1.2411235005349308,-0.7749091565652876,1
-1.7490795886550892,1.0899768726545453,1.4173718945881748,-0.49376995365694254,0.5222556695434514,1
0.33589586343993977,0.9552137621114458,-1.4745520493164352,-1.6503655897848581,0.1476733133409284,1
-0.9529980524006236,0.4931688116779617,-0.7692047459250669,-1.6503655897848581,-0.545997716663745,1
-1.4458104319867213,-0.0843873763638934,-0.6986700155859301,-0.7829188626889214,-1.198048484868138,0
-0.42227702823097985,-0.835210420818305,0.21828147882284868,1.674846864082899,-0.7263521844649602,1
-1.7490795886550892,0.26214633646121965,-0.5576005549076565,0.37367677343899414,-1.0454408582671102,1
-0.8013634740664397,0.4161613199390477,0.500420400179396,0.9519745915029519,0.10605305154064763,1
0.6391650201083077,-1.1047366419045042,-0.48706582456851966,-1.6503655897848581,-0.6847319226646797,1
-1.5216277211538134,-0.8544622937530335,-1.4040173189772984,-0.9274933172049109,-2.141441085674494,0
-1.7111709440715432,-0.2961579786459069,0.5709551305185329,0.662825682470973,-0.8720231007659419,1
-1.3699931428196295,1.1477324914587308,-0.9808089369424775,0.9519745915029519,-0.4072635106628108,1
-0.043190582395520045,-1.1047366419045042,0.21828147882284868,0.8074001369869624,-0.7124787638648667,1
-0.38436838364743386,0.43541319287377617,0.7825593215359433,-0.9274933172049109,0.4875721180432179,1
1.2836119780285893,-0.37316547038482095,0.9941635125533538,0.37367677343899414,0.924584866946162,1
-1.3699931428196295,0.031123861244477618,0.14774674848371183,0.8074001369869624,-0.6569850814644929,1
-1.7490795886550892,-0.1421429951680789,0.7120245911968065,0.662825682470973,-0.7124787638648667,1
-0.6876375403158017,0.9937175079809027,1.346837164249038,0.08452786440701522,1.0008886802466763,1
-1.4079017874031754,-0.25765423277644994,1.2763024339099012,0.8074001369869624,-0.3309596973622965,1
0.5254390863576697,0.31990195526540516,-1.6156215099947089,1.0965490460189413,-0.2754660149619226,1
-0.5739116065651638,-1.3550109900559746,-0.6986700155859301,1.674846864082899,-1.6350612337710824,0
-1.1046326307348076,0.16588697178757714,-0.34599636389024596,-0.7829188626889214,-0.6569850814644929,1
-0.08109922697906603,-0.1998986139722644,0.5709551305185329,0.9519745915029519,0.09217963094055447,1
-0.043190582395520045,0.7434431598294322,1.2057677035707643,-0.9274933172049109,1.1049393347473775,1
1.1319773996944054,1.0899768726545453,0.14774674848371183,0.9519745915029519,1.4795216909499012,1
-0.6118202511487097,1.2054881102629162,-1.0513436672816143,0.37367677343899414,0.015875817640040174,1
0.0705353513551179,0.4161613199390477,-0.13439217287283547,-1.0720677717209004,0.27253409874176937,1
1.3594292671956814,0.05037573417920612,-1.4040173189772984,1.2411235005349308,0.09217963094055447,1
0.6012563755247616,0.8974581433072603,0.14774674848371183,0.662825682470973,1.0494456523470037,1
1.0182514659437674,-1.6437890840769023,-0.20492690321197232,1.5302724095669096,-0.7263521844649602,1
0.7528909538589456,1.4172587125449299,0.8530940518750801,0.08452786440701522,1.8541040471524248,1
-1.1804499199018994,0.8011987786336178,-0.06385744253369866,1.2411235005349308,-0.10204825746075424,1
-0.043190582395520045,-0.7774548020141195,1.1352329732316275,-0.20462104462496367,-0.025744444160239955,1
-0.19482516072970396,-0.1421429951680789,1.5584413552664484,0.8074001369869624,0.5569392210436855,1
1.0561601105273135,1.4365105854796583,-1.4745520493164352,0.9519745915029519,0.8899013154459284,1
-1.6353536549044512,1.3787549666754728,-0.5576005549076565,-1.0720677717209004,-0.17835207076126855,1
0.33589586343993977,0.37765757406959066,-0.27546163355110914,-1.5057911352688687,0.3210910708420967,1
-1.2941758536525374,-0.7389510561446625,-0.34599636389024596,-0.9274933172049109,-1.413086504169587,0
-1.6732622994879973,-1.6630409570116307,0.42988566984025917,-0.3491954991409531,-1.905592935472905,0
1.3973379117792273,-1.2394997524476037,1.1352329732316275,-1.3612166807528792,0.4320784356428439,1
-0.4601856728145258,0.3969094470043192,0.21828147882284868,-0.638344408172932,0.14073660304088118,1
-0.11900787156261201,-1.7015447028810877,0.8530940518750801,1.2411235005349308,-0.8720231007659419,1
-0.38436838364743386,0.06962760711393462,-0.8397394762642038,0.08452786440701522,-0.573744557863932,1
1.2457033334450434,-1.1239885148392326,-1.192413127959888,-0.638344408172932,-0.7124787638648667,1
-0.6497288957322558,1.1669843643934594,0.21828147882284868,-0.49376995365694254,0.5916227725439192,1
0.6770736646918536,0.3006500823306767,-1.0513436672816143,1.2411235005349308,0.07136950004041409,1
0.4496217971905777,0.7434431598294322,0.6414898608576697,1.2411235005349308,1.0980026244473304,1
-0.2706424498967959,-1.2780034983170605,-1.7566909706729825,0.5182512279549836,-1.933339776673092,0
1.3594292671956814,-0.6619435644057485,1.2057677035707643,0.22910231892300467,0.8621544742457415,1
-1.5595363657373593,0.9744656350461743,0.7825593215359433,-0.9274933172049109,0.23091383694148865,1
0.37380450802348575,1.0707249997198167,-1.545086779655572,0.08452786440701522,0.21704041634139548,1
0.6391650201083077,0.8011987786336178,1.6289760856055853,0.662825682470973,1.7292432617515832,1
-1.4458104319867213,-0.604187945601563,1.699510815944722,-0.638344408172932,-0.393390090062717,1
1.5110638455298653,0.6086800492863327,-0.9102742066033406,-1.6503655897848581,0.8205342124454613,1
-0.6118202511487097,-0.2961579786459069,1.346837164249038,0.662825682470973,0.11298976184069422,1
-1.5974450103209052,-1.0854847689697755,1.346837164249038,1.5302724095669096,-0.9968838861667829,1
1.2836119780285893,-1.41276660886016,1.4879066249273116,1.5302724095669096,0.41820501504275076,1
-1.6353536549044512,-0.681195437340477,-0.6281352852467933,0.662825682470973,-1.6974916264715032,0
-0.23273380531324994,-0.35391359745009243,-0.06385744253369866,1.3856979550509203,-0.41420022096285736,1
-0.3085510944803419,0.5316725575474187,1.4173718945881748,-1.5057911352688687,0.9107114463460688,1
-0.38436838364743386,0.3969094470043192,-0.5576005549076565,1.2411235005349308,-0.1991622016614083,1
-0.19482516072970396,-1.258751625382332,-1.192413127959888,-0.3491954991409531,-1.6003776822708489,0
-1.3699931428196295,0.8974581433072603,-0.9102742066033406,0.22910231892300467,-0.5529344269637921,1
-1.2941758536525374,-0.16139486810280743,-1.2629478582990248,-0.060046590108974215,-1.4477700556698205,0
-1.0288153415677155,1.3017474749365587,1.6289760856055853,0.9519745915029519,1.1743064377478447,1
1.1698860442779513,0.43541319287377617,-1.6156215099947089,0.5182512279549836,0.16154673394102156,1
-0.5739116065651638,-1.4705222276643457,1.346837164249038,-1.3612166807528792,-0.7124787638648667,1
0.5633477309412157,0.31990195526540516,-0.4165310942293828,0.9519745915029519,0.33496449144218987,1
-0.11900787156261201,-0.0073798846249793874,-1.4040173189772984,0.662825682470973,-0.761035735965194,1
-1.4458104319867213,-1.3357591171212462,-1.0513436672816143,-0.9274933172049109,-2.2732385813753817,0
-1.3320844982360833,1.0129693809156313,-1.0513436672816143,-1.5057911352688687,-0.5182508754635586,1
-1.7111709440715432,-0.5464323267973775,0.923628782214217,1.2411235005349308,-0.8789598110659885,1
-0.2706424498967959,-0.9507216584266761,-0.13439217287283547,0.5182512279549836,-0.8997699419661286,1
1.2457033334450434,0.9744656350461743,0.07721201814457501,0.08452786440701522,1.4240280085495272,1
0.0705353513551179,0.4546650658085047,0.42988566984025917,0.22910231892300467,0.5777493519438254,1
1.0940687551108594,1.1862362373281878,-1.192413127959888,-0.9274933172049109,0.869091184545788,1
0.41171315260703173,1.6290293148269435,-0.8397394762642038,-0.3491954991409531,0.9870152596465831,1
0.37380450802348575,-1.1432403877739612,1.1352329732316275,-0.20462104462496367,-0.06042799566047412,1
0.18426128510575585,0.26214633646121965,0.8530940518750801,-0.49376995365694254,0.7095468476447135,1
1.5110638455298653,0.6279319222210612,1.2057677035707643,0.08452786440701522,1.8749141780525647,1
0.5254390863576697,-1.5475297194032596,1.346837164249038,-1.0720677717209004,-0.16447865016117474,1
0.8287082430260375,-1.181744133643418,-1.2629478582990248,-0.638344408172932,-1.0176940170669233,1
0.2600785742728478,-0.35391359745009243,1.699510815944722,-0.3491954991409531,0.7234202682448067,1
-0.8013634740664397,0.4739169387432332,0.500420400179396,1.5302724095669096,0.1476733133409284,1
1.2077946888614974,0.20439071765703415,-1.4745520493164352,-0.3491954991409531,0.08524292064050726,1
1.0940687551108594,1.7445405524353144,0.7825593215359433,-1.6503655897848581,2.2425598239550415,1
-0.9909066969841696,1.2439918561323733,-0.5576005549076565,1.5302724095669096,0.07830621034046067,1
-0.9150894078170776,-0.0651355034291649,1.6289760856055853,-0.060046590108974215,0.25172396784162904,1
0.7149823092753996,0.7626950327641607,0.923628782214217,1.674846864082899,1.3962811673493403,1
0.22216992968930183,0.4161613199390477,1.699510815944722,0.22910231892300467,1.2575469613484056,1
0.33589586343993977,1.3595030937407444,0.7120245911968065,-0.20462104462496367,1.5142052424501347,1
0.22216992968930183,-0.7967066749488481,1.346837164249038,0.22910231892300467,0.2101037060413489,1
0.032626706771571916,-0.2961579786459069,1.4173718945881748,0.37367677343899414,0.5014455386433117,1
0.8666168876095836,-0.0073798846249793874,-0.48706582456851966,0.5182512279549836,0.23091383694148865,1
-0.043190582395520045,0.4546650658085047,0.006677287805438178,1.2411235005349308,0.3072176502420029,1
0.33589586343993977,0.3391538282001337,-1.3334825886381616,0.5182512279549836,-0.22690904286159524,1
0.10844399593866388,0.12738322591812012,-0.13439217287283547,-0.20462104462496367,0.08524292064050726,1
0.18426128510575585,-0.565684199732106,1.1352329732316275,-1.3612166807528792,0.25172396784162904,1
-1.4837190765702672,0.24289446352649116,-1.6861562403338457,0.9519745915029519,-1.4685801865699608,0
-0.11900787156261201,-0.719699183209934,-1.6156215099947089,0.662825682470973,-1.3784029526693535,0
-1.1046326307348076,0.8204506515683463,-0.34599636389024596,-0.060046590108974215,-0.18528878106131513,1
-0.3464597390638879,-1.3742628629907032,0.6414898608576697,0.08452786440701522,-0.865086390465895,1
0.33589586343993977,1.3402512208060158,1.4173718945881748,0.08452786440701522,1.8471673368523776,1
0.2600785742728478,1.5135180772185723,0.8530940518750801,0.5182512279549836,1.6529394484510695,1
0.9045255321931295,-1.6052853382074452,-0.48706582456851966,-0.7829188626889214,-0.8997699419661286,1
-1.3699931428196295,1.494266204283844,-0.27546163355110914,1.0965490460189413,0.1892935751412085,1
-0.8771807632335317,1.6097774418922148,0.07721201814457501,-1.5057911352688687,0.7164835579447602,1
-1.1425412753183535,-0.25765423277644994,-1.6156215099947089,-0.9274933172049109,-1.6073143925708955,0
-1.7111709440715432,-1.5475297194032596,0.500420400179396,0.37367677343899414,-1.8084789912722508,0
0.10844399593866388,-0.873714166687762,-1.0513436672816143,-0.060046590108974215,-1.0870611200673903,0
0.33589586343993977,1.7445405524353144,1.4879066249273116,-0.9274933172049109,2.1731927209545745,1
-1.5216277211538134,-0.10363924929862191,0.9941635125533538,-1.2166422262368897,-0.42113693126290397,1
-1.6732622994879973,-0.46942483505846344,1.346837164249038,0.8074001369869624,-0.5945546887640722,1
-1.6353536549044512,-0.1421429951680789,-0.9102742066033406,-0.3491954991409531,-1.4477700556698205,0
0.18426128510575585,-0.2769061057111784,-0.6281352852467933,0.08452786440701522,-0.4072635106628108,1
1.4731552009463191,-0.873714166687762,-0.6986700155859301,1.3856979550509203,-0.16447865016117474,1
1.2457033334450434,1.4365105854796583,0.6414898608576697,0.9519745915029519,2.0344585149536396,1
1.1319773996944054,-0.23840235984172142,0.7825593215359433,-1.3612166807528792,0.8344076330455545,1
1.0182514659437674,1.4365105854796583,-1.4040173189772984,-0.9274933172049109,0.9037747360460222,1
-0.5360029619816178,-1.5667815923379882,-0.4165310942293828,0.662825682470973,-1.6281245234710358,0
-0.7255461848993477,1.0129693809156313,0.07721201814457501,-0.20462104462496367,0.3696480429424234,1
-0.8013634740664397,-0.31540985158063545,0.923628782214217,0.37367677343899414,-0.21303562226150208,1
-1.6732622994879973,0.9744656350461743,-1.7566909706729825,1.5302724095669096,-1.0801244097673437,0
-0.8013634740664397,-0.6234398185362915,1.346837164249038,1.5302724095669096,-0.22690904286159524,1
1.4352465563627732,-0.045883630494436396,0.7825593215359433,0.662825682470973,1.139622886247611,1
-0.19482516072970396,-0.43092108918900646,0.006677287805438178,1.674846864082899,-0.41420022096285736,1
1.5868811346969571,-0.5079285809279205,0.006677287805438178,-0.9274933172049109,0.5083822489433583,1
-0.15691651614615798,0.22364259059176264,-1.4745520493164352,-0.49376995365694254,-0.6500483711644462,1
1.2077946888614974,0.8782062703725317,-0.48706582456851966,1.674846864082899,1.05638236264705,1
1.0940687551108594,0.4739169387432332,0.6414898608576697,0.662825682470973,1.2575469613484056,1
0.7907995984424916,1.5520218230880294,0.5709551305185329,-0.638344408172932,1.8332939162522843,1
-1.1046326307348076,-1.5475297194032596,0.14774674848371183,1.2411235005349308,-1.6489346543711758,0
-1.5974450103209052,0.08887948004866313,1.5584413552664484,0.8074001369869624,-0.04655457506038033,1
0.032626706771571916,0.12738322591812012,-1.2629478582990248,-1.5057911352688687,-0.5113141651635115,1
0.9803428213602214,0.7241912868947037,-1.6861562403338457,1.674846864082899,0.23091383694148865,1
-0.3085510944803419,-1.41276660886016,0.2888162091619855,-1.0720677717209004,-1.0454408582671102,1
-0.4601856728145258,0.5894281763516043,1.2057677035707643,1.674846864082899,0.7650405300450874,1
0.0705353513551179,1.4750143313491153,-0.6986700155859301,-1.2166422262368897,0.7581038197450408,1
1.3973379117792273,-0.6619435644057485,0.500420400179396,-1.3612166807528792,0.5361290901435452,1
1.5110638455298653,0.08887948004866313,1.4173718945881748,-0.9274933172049109,1.5905090557506485,1
-0.8392721186499856,-1.181744133643418,1.346837164249038,-0.3491954991409531,-0.6500483711644462,1
-1.4079017874031754,-1.5860334652727166,1.2057677035707643,0.37367677343899414,-1.3229092702689795,0
0.33589586343993977,-0.6619435644057485,-1.7566909706729825,0.8074001369869624,-1.1564282230678578,0
-0.2706424498967959,1.3017474749365587,0.9941635125533538,-0.638344408172932,1.2783570922485459,1
1.5110638455298653,1.4172587125449299,0.006677287805438178,0.9519745915029519,1.8541040471524248,1
-0.23273380531324994,-1.4897741005990741,-0.48706582456851966,-1.0720677717209004,-1.440833345369774,0
1.5868811346969571,1.455762458414387,-1.0513436672816143,1.674846864082899,1.4032178776493869,1
0.6770736646918536,-1.3550109900559746,0.923628782214217,1.0965490460189413,-0.15060522956108158,1
-0.4980943173980718,0.22364259059176264,-1.1218783976207511,0.662825682470973,-0.66392179176454,1
0.4875304417741237,0.4161613199390477,-0.7692047459250669,-1.2166422262368897,0.1892935751412085,1
-0.043190582395520045,-0.12289112223335041,1.2763024339099012,-1.2166422262368897,0.5153189592434048,1
1.0940687551108594,1.2439918561323733,1.0646982428924907,-1.3612166807528792,2.020585094353546,1
-1.1425412753183535,-0.41166921625427794,-0.34599636389024596,-1.3612166807528792,-1.0939978303674374,0
1.4731552009463191,1.2054881102629162,0.6414898608576697,-0.49376995365694254,1.992838253153359,1
0.032626706771571916,0.5124206846126902,-1.6861562403338457,1.674846864082899,-0.44194706216304436,1
-0.7255461848993477,0.2813982093959482,0.8530940518750801,0.662825682470973,0.22397712664144206,1
-0.8771807632335317,-0.10363924929862191,-0.34599636389024596,1.2411235005349308,-0.7263521844649602,1
0.8666168876095836,1.2824956020018303,-1.4745520493164352,0.37367677343899414,0.6748632961444799,1
1.0182514659437674,1.4750143313491153,0.07721201814457501,0.37367677343899414,1.6598761587511162,1
0.6391650201083077,-1.0469810231003185,1.5584413552664484,-1.6503655897848581,0.36271133264237687,1
-1.1425412753183535,0.7049394139599753,0.500420400179396,-0.9274933172049109,0.126863182440788,1
0.6391650201083077,1.6290293148269435,1.4173718945881748,-1.0720677717209004,2.221749693054902,1
-0.9909066969841696,-0.835210420818305,-0.06385744253369866,0.22910231892300467,-1.177238353967998,0
1.1319773996944054,-1.2780034983170605,0.923628782214217,-0.49376995365694254,0.15461002364097498,1
0.6770736646918536,-1.181744133643418,-1.6861562403338457,-0.060046590108974215,-1.309035849668886,0
-0.6876375403158017,-1.5475297194032596,-0.7692047459250669,-1.6503655897848581,-1.8709093839726716,0
1.5868811346969571,0.12738322591812012,1.4879066249273116,-1.0720677717209004,1.6945597102513497,1
-0.9529980524006236,1.1669843643934594,0.07721201814457501,-1.2166422262368897,0.35577462234233026,1
-1.2183585644854455,1.4750143313491153,-0.8397394762642038,-0.49376995365694254,-0.018807733860193368,1
0.8287082430260375,0.3006500823306767,-1.192413127959888,-0.060046590108974215,0.08524292064050726,1
0.2600785742728478,1.2247399831976449,-1.4745520493164352,-0.638344408172932,0.30028093994195637,1
0.032626706771571916,0.10813135298339163,-1.192413127959888,1.3856979550509203,-0.4905040342633717,1
0.9424341767766755,0.8397025245030748,0.6414898608576697,0.662825682470973,1.4379014291496204,1
-1.1804499199018994,-1.2394997524476037,1.5584413552664484,0.8074001369869624,-0.7749091565652876,1
-0.8392721186499856,-0.873714166687762,-0.48706582456851966,-1.2166422262368897,-1.3298459805690261,0
-1.5974450103209052,-1.7207965758158161,-1.2629478582990248,0.8074001369869624,-2.737998171478513,0
-1.5974450103209052,0.06962760711393462,-0.20492690321197232,-0.9274933172049109,-0.9275167831663155,1
0.6770736646918536,-0.41166921625427794,-0.9102742066033406,0.37367677343899414,-0.37257995916257663,1
-0.9150894078170776,-1.3935147359254316,0.500420400179396,0.5182512279549836,-1.2604788775685587,0
0.41171315260703173,-0.33466172451536397,1.346837164249038,-1.2166422262368897,0.647116454944293,1
1.6626984238640492,0.31990195526540516,-1.545086779655572,-0.9274933172049109,0.3835214635425172,1
-1.3320844982360833,0.06962760711393462,0.923628782214217,0.8074001369869624,-0.22690904286159524,1
-0.7255461848993477,0.7241912868947037,-0.6281352852467933,-0.060046590108974215,-0.18528878106131513,1
-0.4980943173980718,-1.0084772772308617,0.7120245911968065,1.674846864082899,-0.6500483711644462,1
0.4496217971905777,1.7060368065658573,0.5709551305185329,1.674846864082899,1.75699010295177,1
-0.19482516072970396,-0.1421429951680789,0.6414898608576697,0.662825682470973,0.10605305154064763,1
-0.6876375403158017,0.5894281763516043,-0.13439217287283547,0.37367677343899414,-0.018807733860193368,1
-1.4837190765702672,1.5520218230880294,1.1352329732316275,1.674846864082899,0.8621544742457415,1
1.6626984238640492,-0.39241734331954947,-1.2629478582990248,1.5302724095669096,0.008939107339993589,1
0.9803428213602214,-1.02772915016559,1.5584413552664484,0.37367677343899414,0.5638759313437322,1
0.0705353513551179,0.9167100162419888,-1.7566909706729825,-1.2166422262368897,-0.16447865016117474,1
1.3973379117792273,1.03222125385036,1.5584413552664484,1.0965490460189413,2.2772433754552757,1
1.624789779280503,-0.5849360726668345,0.42988566984025917,-1.6503655897848581,0.6818000064445265,1
1.3973379117792273,-1.181744133643418,0.42988566984025917,-0.3491954991409531,0.126863182440788,1
1.5489724901134112,-1.0854847689697755,-0.6986700155859301,-1.6503655897848581,-0.2754660149619226,1
0.032626706771571916,-0.41166921625427794,-0.34599636389024596,0.08452786440701522,-0.4488837724630909,1
0.22216992968930183,-0.41166921625427794,0.07721201814457501,1.3856979550509203,-0.1367318089609878,1
1.2457033334450434,0.9552137621114458,-0.4165310942293828,-1.3612166807528792,1.167369727447798,1
0.6770736646918536,1.725288679500586,1.5584413552664484,-1.6503655897848581,2.381294029955976,1
-0.6118202511487097,-0.21915048690699293,-0.9808089369424775,0.662825682470973,-0.9760737552666429,1
1.5110638455298653,-1.6245372111421736,-0.20492690321197232,0.662825682470973,-0.44194706216304436,1
1.3973379117792273,0.5701763034168758,1.2763024339099012,-0.3491954991409531,1.8055470750520974,1
-1.5974450103209052,0.2813982093959482,0.9941635125533538,-0.49376995365694254,-0.18528878106131513,1
0.37380450802348575,0.5701763034168758,0.923628782214217,-0.3491954991409531,1.0702557832471433,1
1.6626984238640492,-1.1624922607086896,-1.6156215099947089,0.9519745915029519,-0.7194154741649136,1
-1.1425412753183535,1.0514731267850883,1.4173718945881748,0.662825682470973,0.8274709227455079,1
1.3973379117792273,0.7626950327641607,-0.6281352852467933,1.674846864082899,1.007825390546723,1
-0.7634548294828937,-0.5079285809279205,1.5584413552664484,0.37367677343899414,-0.018807733860193368,1
0.8666168876095836,-0.9507216584266761,-0.9102742066033406,0.22910231892300467,-0.6569850814644929,1
1.3215206226121352,0.7241912868947037,0.5709551305185329,-0.3491954991409531,1.5280786630502279,1
1.3594292671956814,-0.9314697854919476,0.7825593215359433,1.3856979550509203,0.4598252768430309,1
-0.4601856728145258,-1.181744133643418,-0.48706582456851966,1.3856979550509203,-1.3437194011691196,0
-0.7634548294828937,0.16588697178757714,0.21828147882284868,1.3856979550509203,-0.19222549136136172,1
-0.8392721186499856,1.6290293148269435,0.35935093950112235,0.8074001369869624,0.8899013154459284,1
1.5868811346969571,-0.1421429951680789,0.07721201814457501,0.37367677343899414,0.8066607918453675,1
0.9045255321931295,-1.0084772772308617,-0.9102742066033406,1.3856979550509203,-0.6777952123646331,1
-0.4980943173980718,1.494266204283844,0.21828147882284868,-1.3612166807528792,0.9107114463460688,1
-0.005281937811974064,0.6471837951557897,1.0646982428924907,0.662825682470973,0.9870152596465831,1
1.4352465563627732,1.6097774418922148,-0.34599636389024596,1.0965490460189413,1.7778002338519105,1
-1.7111709440715432,1.03222125385036,-1.2629478582990248,-0.3491954991409531,-0.816529418365568,1
0.14635264052220986,-1.0662328960350471,0.006677287805438178,-0.7829188626889214,-0.6847319226646797,1
-0.8392721186499856,-1.3550109900559746,-1.0513436672816143,-0.060046590108974215,-1.954149907573232,0
1.5868811346969571,-0.64269169147102,1.6289760856055853,-0.7829188626889214,1.2089899892480782,1
0.22216992968930183,0.9167100162419888,-1.6861562403338457,0.08452786440701522,-0.04655457506038033,1
1.1698860442779513,0.011871988309749115,0.8530940518750801,0.662825682470973,1.0702557832471433,1
-0.4601856728145258,1.03222125385036,-1.2629478582990248,-0.20462104462496367,-0.12979509866094122,1
0.8287082430260375,0.9552137621114458,0.07721201814457501,-0.7829188626889214,1.1812431480478913,1
-1.3320844982360833,-1.6052853382074452,-0.9102742066033406,-1.3612166807528792,-2.3356689740758028,0
-0.23273380531324994,0.4546650658085047,0.14774674848371183,-0.49376995365694254,0.27253409874176937,1
1.0940687551108594,-0.18064674103753592,-0.13439217287283547,0.08452786440701522,0.404331594442657,1
-1.2562672090689915,0.6856875410252468,0.7825593215359433,-0.060046590108974215,0.1892935751412085,1
-0.9529980524006236,1.455762458414387,0.5709551305185329,1.2411235005349308,0.8066607918453675,1
-1.3320844982360833,1.5905255689574864,-0.06385744253369866,0.37367677343899414,0.3835214635425172,1
0.6770736646918536,0.5124206846126902,0.9941635125533538,0.8074001369869624,1.2298001201482185,1
0.7907995984424916,0.6471837951557897,1.1352329732316275,-1.6503655897848581,1.4587115600497609,1
-0.8771807632335317,-0.64269169147102,-0.9808089369424775,0.662825682470973,-1.4269599247696805,0
-0.9529980524006236,-1.2780034983170605,-1.3334825886381616,1.3856979550509203,-2.0998208238742135,0
-0.5360029619816178,-1.4320184817948887,-0.7692047459250669,-1.6503655897848581,-1.7044283367715498,0
-1.4837190765702672,-1.451270354729617,1.6289760856055853,-0.20462104462496367,-1.0593142788672034,0
-1.0288153415677155,0.10813135298339163,-0.27546163355110914,0.22910231892300467,-0.6223015299642592,1
1.2457033334450434,0.18513884472230566,-1.3334825886381616,1.674846864082899,0.16154673394102156,1
0.5254390863576697,-0.9122179125572191,-0.9808089369424775,-1.5057911352688687,-0.8512129698658015,1
-1.2941758536525374,-0.25765423277644994,0.6414898608576697,-0.638344408172932,-0.5806812681639791,1
0.6012563755247616,0.7819469056988892,-0.9102742066033406,-1.3612166807528792,0.4459518562429377,1
0.7149823092753996,0.12738322591812012,0.7825593215359433,-1.2166422262368897,0.869091184545788,1
0.6391650201083077,1.0514731267850883,-1.1218783976207511,-0.20462104462496367,0.5569392210436855,1
0.33589586343993977,0.8974581433072603,0.9941635125533538,1.674846864082899,1.319977354048826,1
-0.9150894078170776,-1.7015447028810877,0.35935093950112235,-1.2166422262368897,-1.5518207101705217,0
0.9424341767766755,0.14663509885284864,-0.7692047459250669,0.9519745915029519,0.24478725754158243,1
0.2600785742728478,-0.8544622937530335,-1.0513436672816143,1.5302724095669096,-0.9899471758667363,1
-0.6876375403158017,-1.5667815923379882,0.5709551305185329,1.0965490460189413,-1.2257953260683252,0
-0.4980943173980718,1.263243729067102,1.346837164249038,-1.5057911352688687,1.2991672231486857,1
-0.5739116065651638,0.06962760711393462,0.500420400179396,-0.3491954991409531,-0.018807733860193368,1
-0.11900787156261201,-0.2961579786459069,0.2888162091619855,-0.49376995365694254,-0.1367318089609878,1
0.8666168876095836,1.0707249997198167,-0.06385744253369866,-0.49376995365694254,1.2159266995481248,1
-1.4079017874031754,-1.451270354729617,0.07721201814457501,-0.7829188626889214,-1.7807321500720636,0
-1.6353536549044512,-0.2961579786459069,0.500420400179396,0.9519745915029519,-0.865086390465895,1
-1.4079017874031754,-0.1998986139722644,-1.2629478582990248,0.22910231892300467,-1.5379472895704283,0
1.2077946888614974,0.43541319287377617,-0.48706582456851966,-1.0720677717209004,0.7372936888449005,1
-1.2562672090689915,-0.46942483505846344,1.2057677035707643,1.3856979550509203,-0.43501035186299775,1
-1.3699931428196295,1.1284806185240024,0.6414898608576697,-1.2166422262368897,0.37658475324247004,1
0.7528909538589456,-0.719699183209934,-1.7566909706729825,-1.2166422262368897,-0.9691370449665959,1
-0.043190582395520045,0.7049394139599753,1.4879066249273116,0.08452786440701522,1.2159266995481248,1
1.0182514659437674,0.37765757406959066,0.7825593215359433,0.08452786440701522,1.2159266995481248,1
0.37380450802348575,-1.3550109900559746,-0.8397394762642038,-0.20462104462496367,-1.1841750642680446,0
0.33589586343993977,-1.181744133643418,-0.7692047459250669,0.8074001369869624,-1.0454408582671102,1
-1.4458104319867213,-0.39241734331954947,1.2763024339099012,0.8074001369869624,-0.4488837724630909,1
0.032626706771571916,-0.64269169147102,1.5584413552664484,-1.5057911352688687,0.3210910708420967,1
-0.043190582395520045,0.8011987786336178,-1.2629478582990248,-1.3612166807528792,-0.0673647059605207,1
1.1698860442779513,-0.9507216584266761,-1.4745520493164352,0.5182512279549836,-0.7679724462652406,1
-0.8013634740664397,-0.16139486810280743,1.6289760856055853,0.8074001369869624,0.24478725754158243,1
0.8666168876095836,-0.35391359745009243,0.500420400179396,-0.7829188626889214,0.4667619871430781,1
1.2457033334450434,1.4365105854796583,0.9941635125533538,-0.060046590108974215,2.2078762724548073,1
0.032626706771571916,0.22364259059176264,-0.34599636389024596,-1.6503655897848581,0.008939107339993589,1
1.5489724901134112,-0.2769061057111784,-0.7692047459250669,-0.3491954991409531,0.27253409874176937,1
-0.7634548294828937,1.0707249997198167,1.4173718945881748,0.662825682470973,1.0494456523470037,1
-0.3464597390638879,1.4172587125449299,-1.0513436672816143,0.5182512279549836,0.31415436054204954,1
-0.19482516072970396,-1.220247879512875,1.2763024339099012,0.9519745915029519,-0.35870653856248347,1
0.41171315260703173,-0.48867670799319196,1.2763024339099012,0.5182512279549836,0.5014455386433117,1
-1.7490795886550892,0.3391538282001337,-0.6281352852467933,0.08452786440701522,-1.02463072736697,1
-1.5216277211538134,0.7241912868947037,-0.5576005549076565,-1.0720677717209004,-0.5876179784640257,1
0.22216992968930183,0.4931688116779617,-0.20492690321197232,-1.0720677717209004,0.37658475324247004,1
1.0182514659437674,-0.18064674103753592,0.923628782214217,0.22910231892300467,0.8829646051458818,1
0.22216992968930183,0.9167100162419888,0.923628782214217,-0.7829188626889214,1.236736830448265,1
-1.4079017874031754,1.2247399831976449,-0.6986700155859301,1.674846864082899,-0.23384575316164247,1
1.3973379117792273,-0.48867670799319196,-0.20492690321197232,1.2411235005349308,0.31415436054204954,1
1.5868811346969571,0.4161613199390477,0.006677287805438178,0.9519745915029519,1.1743064377478447,1
0.10844399593866388,0.16588697178757714,-0.5576005549076565,0.37367677343899414,-0.09511154716070766,1
-0.8771807632335317,1.3787549666754728,-0.9102742066033406,-0.20462104462496367,0.06443278974036751,1
0.4496217971905777,0.14663509885284864,-1.4745520493164352,-1.5057911352688687,-0.37257995916257663,1
1.2077946888614974,1.1092287455892738,-1.545086779655572,-0.49376995365694254,0.7026101373446669,1
-0.9150894078170776,-1.6437890840769023,0.35935093950112235,-1.6503655897848581,-1.5102004483702414,0
0.22216992968930183,-0.7967066749488481,1.5584413552664484,-1.2166422262368897,0.31415436054204954,1
1.0182514659437674,-0.835210420818305,-1.2629478582990248,0.5182512279549836,-0.66392179176454,1
0.41171315260703173,-0.12289112223335041,-1.7566909706729825,0.8074001369869624,-0.7263521844649602,1
-0.3464597390638879,0.9167100162419888,-0.9808089369424775,-1.3612166807528792,-0.011871023560146785,1
-0.5360029619816178,-0.450172962123735,0.35935093950112235,-1.3612166807528792,-0.44194706216304436,1
-1.0288153415677155,0.16588697178757714,0.21828147882284868,0.22910231892300467,-0.3378964076623431,1
0.18426128510575585,-1.5475297194032596,1.699510815944722,0.37367677343899414,-0.17835207076126855,1
-0.8771807632335317,1.1092287455892738,0.7825593215359433,0.5182512279549836,0.7026101373446669,1
1.3594292671956814,-1.3357591171212462,0.35935093950112235,-0.3491954991409531,-0.03961786476033374,1
-0.8013634740664397,-0.18064674103753592,0.21828147882284868,0.08452786440701522,-0.4627571930631847,1
1.5868811346969571,-0.21915048690699293,-0.06385744253369866,-0.060046590108974215,0.6818000064445265,1
-0.3085510944803419,1.532769950153301,-1.1218783976207511,-1.2166422262368897,0.3835214635425172,1
1.0940687551108594,0.3006500823306767,-0.34599636389024596,0.22910231892300467,0.647116454944293,1
0.6012563755247616,-0.045883630494436396,0.500420400179396,-1.6503655897848581,0.5430658004435918,1
1.5489724901134112,1.2439918561323733,1.1352329732316275,-1.6503655897848581,2.304990216655462,1
0.41171315260703173,-1.4320184817948887,-0.4165310942293828,0.662825682470973,-1.0107573067668765,1
1.4352465563627732,-1.5860334652727166,-1.6861562403338457,-1.2166422262368897,-1.1841750642680446,0
-0.005281937811974064,1.6290293148269435,0.7825593215359433,1.674846864082899,1.5558255042504148,1
1.4352465563627732,0.4161613199390477,-1.0513436672816143,0.8074001369869624,0.5708126416437788,1
0.9803428213602214,-0.7389510561446625,-0.9808089369424775,1.5302724095669096,-0.47663061366327786,1
1.4352465563627732,-1.1624922607086896,1.1352329732316275,0.37367677343899414,0.5083822489433583,1
0.6391650201083077,0.5509244304821472,-1.6861562403338457,0.8074001369869624,-0.08123812656061387,1
1.2077946888614974,-1.4320184817948887,1.346837164249038,0.8074001369869624,0.29334422964190976,1
-1.2183585644854455,-1.4320184817948887,1.2763024339099012,-0.49376995365694254,-1.0731876994672969,0
-1.2562672090689915,-0.64269169147102,1.699510815944722,0.5182512279549836,-0.31708627676220336,1
0.2600785742728478,-1.258751625382332,1.699510815944722,-1.0720677717209004,0.07136950004041409,1
-1.1425412753183535,-0.12289112223335041,-0.06385744253369866,-0.3491954991409531,-0.7471623153651006,1
1.3973379117792273,-1.41276660886016,-1.7566909706729825,-0.060046590108974215,-1.1148079612675774,0
-1.5974450103209052,-1.5860334652727166,0.923628782214217,-1.6503655897848581,-1.5656941307706151,0
-1.6732622994879973,-0.045883630494436396,0.923628782214217,0.5182512279549836,-0.49744074456341825,1
0.032626706771571916,1.5905255689574864,1.4173718945881748,1.674846864082899,1.8610407574524714,1
1.4352465563627732,0.7049394139599753,-1.2629478582990248,-0.7829188626889214,0.6748632961444799,1
0.9045255321931295,0.6856875410252468,-1.4745520493164352,0.5182512279549836,0.2655973884417228,1
-1.1804499199018994,1.1862362373281878,-0.13439217287283547,-0.49376995365694254,0.14073660304088118,1
-1.6353536549044512,-0.5079285809279205,0.35935093950112235,-1.3612166807528792,-1.0870611200673903,0
1.0561601105273135,-0.604187945601563,1.6289760856055853,-0.638344408172932,0.9453949978463023,1
0.22216992968930183,0.8397025245030748,0.2888162091619855,0.9519745915029519,0.869091184545788,1
-1.5216277211538134,-1.4897741005990741,-1.1218783976207511,-0.3491954991409531,-2.460529759476644,0
-0.7634548294828937,0.5894281763516043,0.07721201814457501,-0.20462104462496367,0.04362265884022713,1
0.9045255321931295,-1.258751625382332,-0.9102742066033406,1.5302724095669096,-0.8581496801658484,1
0.032626706771571916,0.06962760711393462,-0.48706582456851966,1.5302724095669096,-0.17141536046122194,1
0.9803428213602214,-0.25765423277644994,-0.48706582456851966,-1.6503655897848581,0.11298976184069422,1
-0.23273380531324994,-1.02772915016559,-0.9808089369424775,1.5302724095669096,-1.3506561114691664,0
0.9045255321931295,0.22364259059176264,-0.9102742066033406,0.08452786440701522,0.2101037060413489,1
-1.3699931428196295,-0.9122179125572191,1.4879066249273116,-1.3612166807528792,-0.6777952123646331,1
1.0182514659437674,-0.31540985158063545,-1.6861562403338457,1.0965490460189413,-0.49744074456341825,1
1.0940687551108594,0.7819469056988892,0.7120245911968065,0.8074001369869624,1.5142052424501347,1
0.7149823092753996,0.10813135298339163,-1.4040173189772984,1.3856979550509203,-0.21997233256154866,1
-0.9909066969841696,-0.045883630494436396,-1.4040173189772984,0.9519745915029519,-1.2674155878686055,0
0.5254390863576697,-1.0854847689697755,-1.192413127959888,1.5302724095669096,-1.0801244097673437,0
-1.5216277211538134,0.18513884472230566,-0.5576005549076565,1.674846864082899,-0.9760737552666429,1
-1.4458104319867213,1.263243729067102,-0.9102742066033406,0.37367677343899414,-0.3309596973622965,1
-0.19482516072970396,-0.0073798846249793874,-0.8397394762642038,0.9519745915029519,-0.5251875857636052,1
0.8287082430260375,1.6290293148269435,0.923628782214217,-1.5057911352688687,2.0830154870539666,1
-0.5739116065651638,-1.6630409570116307,1.346837164249038,1.674846864082899,-0.8512129698658015,1
0.2979872188563938,0.06962760711393462,-0.6281352852467933,-1.0720677717209004,-0.09511154716070766,1
-0.9529980524006236,-1.682292829946359,1.2763024339099012,1.2411235005349308,-1.1078712509675308,0
-1.1046326307348076,-0.2961579786459069,1.4879066249273116,1.674846864082899,-0.08817483686066108,1
-0.19482516072970396,0.5124206846126902,-0.27546163355110914,-1.6503655897848581,0.126863182440788,1
-1.0667239861512616,0.6664356680905182,1.4173718945881748,1.2411235005349308,0.5916227725439192,1
1.5110638455298653,1.725288679500586,0.006677287805438178,1.0965490460189413,2.0760787767539197,1
-1.2941758536525374,0.7819469056988892,-0.27546163355110914,1.0965490460189413,-0.2824027252619692,1
-0.08109922697906603,0.14663509885284864,1.2057677035707643,-0.060046590108974215,0.6540531652443397,1
0.18426128510575585,0.7241912868947037,1.2763024339099012,-0.638344408172932,1.250610251048359,1
-0.4601856728145258,-1.0662328960350471,-0.06385744253369866,-0.3491954991409531,-1.0523775685671568,0
-0.19482516072970396,-0.43092108918900646,0.35935093950112235,1.2411235005349308,-0.24078246346168905,1
0.4496217971905777,-0.41166921625427794,-0.34599636389024596,0.22910231892300467,-0.21997233256154866,1
-0.7634548294828937,-1.5282778464685312,-0.13439217287283547,0.22910231892300467,-1.5865042616707552,0
1.0561601105273135,1.455762458414387,-0.27546163355110914,-0.20462104462496367,1.4933951115499944,1
1.3594292671956814,-0.02663175755970789,1.699510815944722,-0.20462104462496367,1.5627622145504614,1
0.37380450802348575,1.2247399831976449,0.5709551305185329,0.22910231892300467,1.3685343261491534,1
1.6626984238640492,-1.0662328960350471,-0.6281352852467933,-0.9274933172049109,-0.16447865016117474,1
-0.4601856728145258,-1.6245372111421736,0.6414898608576697,-0.060046590108974215,-1.1078712509675308,0
-0.6497288957322558,-0.045883630494436396,-1.4745520493164352,0.8074001369869624,-1.1148079612675774,0
0.5254390863576697,-1.5860334652727166,0.8530940518750801,-1.5057911352688687,-0.43501035186299775,1
1.1319773996944054,1.0899768726545453,-0.48706582456851966,0.08452786440701522,1.167369727447798,1
-0.15691651614615798,1.7445405524353144,-1.0513436672816143,-0.3491954991409531,0.6540531652443397,1
-1.5595363657373593,0.5509244304821472,0.7120245911968065,-1.6503655897848581,-0.10898496776080083,1
-1.4079017874031754,-1.3165072441865175,-1.0513436672816143,-0.3491954991409531,-2.2385550298751484,0
0.37380450802348575,-0.16139486810280743,-0.8397394762642038,1.3856979550509203,-0.3240229870622499,1
-1.4079017874031754,-1.4320184817948887,-0.4165310942293828,-0.20462104462496367,-2.009643589973606,0
1.1698860442779513,0.6279319222210612,0.14774674848371183,-0.3491954991409531,1.167369727447798,1
-1.5974450103209052,0.031123861244477618,-0.27546163355110914,1.0965490460189413,-0.9899471758667363,1
1.1698860442779513,0.37765757406959066,-0.20492690321197232,1.674846864082899,0.8135975021454148,1
0.6391650201083077,0.06962760711393462,-1.0513436672816143,0.5182512279549836,-0.11592167806084804,1
0.7149823092753996,-0.25765423277644994,-0.48706582456851966,-0.20462104462496367,-0.03268115446028716,1
1.6626984238640492,1.6097774418922148,0.2888162091619855,1.0965490460189413,2.214812982754855,1
-0.11900787156261201,0.43541319287377617,0.5709551305185329,0.662825682470973,0.5291923798434987,1
1.2077946888614974,1.455762458414387,-1.4745520493164352,0.08452786440701522,0.9870152596465831,1
-1.5595363657373593,-0.8544622937530335,-0.27546163355110914,-0.7829188626889214,-1.6073143925708955,0
0.9045255321931295,-1.0662328960350471,-0.7692047459250669,-1.5057911352688687,-0.6500483711644462,1
-1.5216277211538134,-0.9122179125572191,-0.48706582456851966,1.3856979550509203,-1.7321751779717367,0
0.8666168876095836,-0.9314697854919476,-0.27546163355110914,1.5302724095669096,-0.3309596973622965,1
-1.5974450103209052,-0.450172962123735,1.2763024339099012,-0.638344408172932,-0.573744557863932,1
0.2979872188563938,-0.46942483505846344,-1.192413127959888,-0.20462104462496367,-0.761035735965194,1
-0.6497288957322558,0.031123861244477618,-1.4745520493164352,-0.060046590108974215,-1.0593142788672034,0
0.4496217971905777,0.9744656350461743,1.346837164249038,-0.49376995365694254,1.6113191866507888,1
-1.7490795886550892,0.9937175079809027,0.07721201814457501,0.662825682470973,-0.2060989119614555,1
1.4352465563627732,0.37765757406959066,-1.1218783976207511,-1.3612166807528792,0.5083822489433583,1
-0.005281937811974064,1.3209993478712874,0.006677287805438178,-1.5057911352688687,0.9523317081463489,1
-0.11900787156261201,0.10813135298339163,-0.6986700155859301,1.3856979550509203,-0.3309596973622965,1
0.37380450802348575,0.9744656350461743,1.1352329732316275,0.5182512279549836,1.4656482703498075,1
1.3215206226121352,0.22364259059176264,-0.7692047459250669,-1.2166422262368897,0.5083822489433583,1
1.5110638455298653,-0.46942483505846344,-0.6986700155859301,-1.3612166807528792,0.1476733133409284,1
0.8666168876095836,0.22364259059176264,0.42988566984025917,-1.6503655897848581,0.8482810536456483,1
1.2457033334450434,1.3595030937407444,0.2888162091619855,-0.638344408172932,1.8055470750520974,1
1.3594292671956814,0.9552137621114458,-1.7566909706729825,-0.3491954991409531,0.5708126416437788,1
1.624789779280503,-1.0854847689697755,1.2057677035707643,-0.49376995365694254,0.7026101373446669,1
0.0705353513551179,-0.39241734331954947,-1.192413127959888,1.5302724095669096,-0.8304028389656615,1
1.0940687551108594,0.5316725575474187,0.2888162091619855,1.0965490460189413,1.1257494656475173,1
0.032626706771571916,0.4739169387432332,0.7825593215359433,0.08452786440701522,0.744230399144947,1
-1.1046326307348076,0.37765757406959066,-0.13439217287283547,0.662825682470973,-0.4003268003627636,1
0.9803428213602214,1.5905255689574864,-0.34599636389024596,0.9519745915029519,1.5142052424501347,1
1.1698860442779513,-0.25765423277644994,-0.48706582456851966,-1.6503655897848581,0.21704041634139548,1
-0.6876375403158017,0.8589543974378032,-1.0513436672816143,-0.638344408172932,-0.2754660149619226,1
0.4875304417741237,-1.3742628629907032,1.699510815944722,-0.49376995365694254,0.11298976184069422,1
-0.7634548294828937,1.2439918561323733,0.923628782214217,-0.49376995365694254,0.9315215772462092,1
-1.2562672090689915,0.6856875410252468,-1.6861562403338457,-0.9274933172049109,-1.02463072736697,1
-1.6732622994879973,0.37765757406959066,0.2888162091619855,0.37367677343899414,-0.5043774548634649,1
-1.0288153415677155,1.532769950153301,0.42988566984025917,-0.638344408172932,0.7511671094449937,1
0.6391650201083077,1.1669843643934594,-1.1218783976207511,-0.7829188626889214,0.6401797446442464,1
-1.2183585644854455,1.3595030937407444,-0.8397394762642038,-1.2166422262368897,-0.10204825746075424,1
-1.4458104319867213,-0.41166921625427794,0.7825593215359433,1.3856979550509203,-0.7055420535648201,1
0.2600785742728478,-1.3550109900559746,-1.6861562403338457,0.8074001369869624,-1.6628080749712693,0
-0.2706424498967959,-1.7207965758158161,-0.48706582456851966,1.3856979550509203,-1.6281245234710358,0
0.33589586343993977,0.5316725575474187,-1.1218783976207511,1.0965490460189413,0.015875817640040174,1
1.1319773996944054,-1.682292829946359,-0.8397394762642038,-0.7829188626889214,-1.0038205964668299,1
0.2979872188563938,-1.2009960065781466,-1.3334825886381616,-0.7829188626889214,-1.357592821769213,0
0.22216992968930183,1.4172587125449299,-1.1218783976207511,1.674846864082899,0.5916227725439192,1
-0.043190582395520045,-0.12289112223335041,0.5709551305185329,-0.638344408172932,0.16848344424106815,1
-0.8013634740664397,-0.7389510561446625,-1.4745520493164352,0.08452786440701522,-1.6974916264715032,0
-0.3085510944803419,1.5905255689574864,-0.13439217287283547,-0.49376995365694254,0.9107114463460688,1
-0.38436838364743386,0.3006500823306767,0.9941635125533538,-0.3491954991409531,0.49450882834326504,1
-1.6353536549044512,0.24289446352649116,0.7120245911968065,-1.5057911352688687,-0.37257995916257663,1
-1.5974450103209052,-0.18064674103753592,0.6414898608576697,0.22910231892300467,-0.6916686329647269,1
-0.38436838364743386,0.9744656350461743,-0.13439217287283547,0.5182512279549836,0.42514172534279737,1
0.9803428213602214,-0.2961579786459069,0.9941635125533538,-0.9274933172049109,0.8135975021454148,1
-1.4079017874031754,-1.3357591171212462,-1.3334825886381616,-0.49376995365694254,-2.391162656476176,0
-0.8392721186499856,-0.5849360726668345,1.2057677035707643,1.674846864082899,-0.28933943556201636,1
-0.2706424498967959,0.9359618891767173,-0.20492690321197232,-0.7829188626889214,0.42514172534279737,1
-1.7111709440715432,0.8397025245030748,0.2888162091619855,-1.3612166807528792,-0.19222549136136172,1
-0.6876375403158017,0.031123861244477618,1.4879066249273116,-0.3491954991409531,0.37658475324247004,1
0.37380450802348575,0.8011987786336178,0.5709551305185329,0.08452786440701522,1.0633190729470967,1
0.14635264052220986,0.9552137621114458,-0.6986700155859301,0.9519745915029519,0.42514172534279737,1
-1.1804499199018994,-0.12289112223335041,0.2888162091619855,-1.0720677717209004,-0.5945546887640722,1
1.2836119780285893,-0.7004473102752055,1.2763024339099012,-0.3491954991409531,0.8274709227455079,1
1.2457033334450434,0.08887948004866313,-0.13439217287283547,0.9519745915029519,0.6818000064445265,1
-0.7255461848993477,-0.565684199732106,-0.27546163355110914,-0.9274933172049109,-0.941390203766409,1
0.14635264052220986,0.6086800492863327,0.5709551305185329,0.08452786440701522,0.799724081545321,1
0.9803428213602214,-0.2769061057111784,1.2057677035707643,-1.3612166807528792,0.9315215772462092,1
-1.6353536549044512,-0.10363924929862191,-0.9808089369424775,1.3856979550509203,-1.4547067659698674,0
-0.9529980524006236,-0.64269169147102,-1.2629478582990248,1.5302724095669096,-1.6073143925708955,0
1.5110638455298653,-1.0854847689697755,0.923628782214217,-1.2166422262368897,0.5014455386433117,1
1.0561601105273135,-0.64269169147102,-0.6281352852467933,0.5182512279549836,-0.19222549136136172,1
-1.6353536549044512,-0.450172962123735,1.2763024339099012,-0.638344408172932,-0.5945546887640722,1
-0.3464597390638879,-0.527180453862649,-0.9102742066033406,-0.638344408172932,-1.0176940170669233,1
1.3594292671956814,0.7434431598294322,0.500420400179396,-1.2166422262368897,1.5280786630502279,1
0.22216992968930183,1.263243729067102,0.7120245911968065,0.9519745915029519,1.3824077467492466,1
1.3973379117792273,-0.2769061057111784,0.14774674848371183,1.0965490460189413,0.6401797446442464,1
0.4875304417741237,-0.8544622937530335,1.4173718945881748,1.5302724095669096,0.34883791204228304,1
-0.8392721186499856,-0.1998986139722644,-1.2629478582990248,-0.638344408172932,-1.2257953260683252,0
0.2979872188563938,-1.7207965758158161,-1.7566909706729825,0.662825682470973,-1.9402764869731386,0
-0.23273380531324994,-0.35391359745009243,0.006677287805438178,0.9519745915029519,-0.37951666946262386,1
0.33589586343993977,0.06962760711393462,0.35935093950112235,-0.060046590108974215,0.4112683047427042,1
1.0561601105273135,0.9359618891767173,-1.7566909706729825,-0.3491954991409531,0.3904581738425638,1
1.2457033334450434,0.6086800492863327,0.9941635125533538,-1.2166422262368897,1.6113191866507888,1
0.7149823092753996,-1.3357591171212462,-1.545086779655572,0.37367677343899414,-1.3298459805690261,0
-0.6497288957322558,0.5509244304821472,-0.9808089369424775,0.5182512279549836,-0.44194706216304436,1
1.5489724901134112,-1.7207965758158161,-0.9102742066033406,-0.3491954991409531,-0.8373395492657081,1
0.2600785742728478,0.4546650658085047,-0.9102742066033406,0.08452786440701522,0.02281252794008676,1
0.9803428213602214,1.1284806185240024,1.346837164249038,1.5302724095669096,2.0136483840534996,1
0.7149823092753996,-1.5475297194032596,0.500420400179396,-0.49376995365694254,-0.47663061366327786,1
-1.5216277211538134,0.3391538282001337,0.21828147882284868,0.9519745915029519,-0.48356732396332447,1
-1.1425412753183535,1.0129693809156313,1.4879066249273116,0.8074001369869624,0.8344076330455545,1
-0.6118202511487097,0.6856875410252468,0.7120245911968065,1.0965490460189413,0.5083822489433583,1
0.33589586343993977,-1.4320184817948887,-0.27546163355110914,0.5182512279549836,-0.9830104655666894,1
1.6626984238640492,0.05037573417920612,-0.9102742066033406,-0.3491954991409531,0.5014455386433117,1
-0.5739116065651638,-0.21915048690699293,-0.8397394762642038,1.674846864082899,-0.885896521366035,1
-1.3320844982360833,-0.7389510561446625,0.6414898608576697,-1.3612166807528792,-0.9483269140664559,1
-1.4458104319867213,0.8011987786336178,1.5584413552664484,-1.2166422262368897,0.5500025107436384,1
-1.7490795886550892,-1.2009960065781466,1.1352329732316275,0.08452786440701522,-1.2674155878686055,0
-1.2562672090689915,0.24289446352649116,0.35935093950112235,0.22910231892300467,-0.3378964076623431,1
1.624789779280503,-0.18064674103753592,1.2763024339099012,-0.49376995365694254,1.389344457049293,1
0.2600785742728478,-1.6052853382074452,1.4173718945881748,0.5182512279549836,-0.31708627676220336,1
0.8287082430260375,0.7241912868947037,-0.8397394762642038,0.8074001369869624,0.5638759313437322,1
0.9424341767766755,0.31990195526540516,1.346837164249038,1.5302724095669096,1.4101545879494335,1
1.2836119780285893,-0.23840235984172142,-0.6281352852467933,1.0965490460189413,0.22397712664144206,1
1.3215206226121352,1.532769950153301,1.4173718945881748,0.08452786440701522,2.5269649462569577,1
0.9045255321931295,-1.5475297194032596,-1.7566909706729825,0.662825682470973,-1.4824536071700545,0
-1.2183585644854455,-1.02772915016559,-0.13439217287283547,0.662825682470973,-1.4755168968700074,0
-1.4079017874031754,0.37765757406959066,0.42988566984025917,-1.6503655897848581,-0.28933943556201636,1
-1.4458104319867213,-0.6619435644057485,0.923628782214217,-0.49376995365694254,-0.816529418365568,1
-0.6118202511487097,0.5316725575474187,-0.48706582456851966,-0.3491954991409531,-0.19222549136136172,1
-1.2562672090689915,0.3006500823306767,1.5584413552664484,0.8074001369869624,0.29334422964190976,1
-0.4980943173980718,0.26214633646121965,0.42988566984025917,0.8074001369869624,0.126863182440788,1
-0.6497288957322558,0.6856875410252468,-1.6861562403338457,-1.3612166807528792,-0.6916686329647269,1
0.9045255321931295,0.011871988309749115,-0.6281352852467933,1.0965490460189413,0.1962302854412551,1
0.4875304417741237,-0.23840235984172142,1.699510815944722,1.2411235005349308,0.9315215772462092,1
-0.2706424498967959,-1.3935147359254316,0.5709551305185329,0.08452786440701522,-0.8720231007659419,1
0.4496217971905777,-0.0651355034291649,-0.5576005549076565,-1.5057911352688687,-0.07430141626056729,1
1.1319773996944054,0.9167100162419888,-1.545086779655572,0.662825682470973,0.5222556695434514,1
1.5110638455298653,0.3584057011348622,-0.6281352852467933,-1.0720677717209004,0.7789139506451807,1
-0.7255461848993477,-0.43092108918900646,0.9941635125533538,-0.49376995365694254,-0.21997233256154866,1
1.4352465563627732,0.06962760711393462,1.2763024339099012,0.37367677343899414,1.4656482703498075,1
0.8287082430260375,0.06962760711393462,1.2057677035707643,0.37367677343899414,1.0980026244473304,1
1.1319773996944054,-1.451270354729617,-1.6156215099947089,-0.060046590108974215,-1.2188586157682786,0
-0.5739116065651638,0.5316725575474187,0.2888162091619855,-0.060046590108974215,0.2101037060413489,1
1.0182514659437674,0.7241912868947037,0.7120245911968065,-1.2166422262368897,1.4309647188495738,1
0.18426128510575585,-1.3550109900559746,-1.1218783976207511,-0.7829188626889214,-1.4269599247696805,0
-0.8771807632335317,0.8782062703725317,1.6289760856055853,-0.9274933172049109,0.9523317081463489,1
0.33589586343993977,-1.0469810231003185,0.006677287805438178,0.37367677343899414,-0.5668078475638854,1
0.2979872188563938,0.9744656350461743,1.6289760856055853,-0.9274933172049109,1.6668128690511628,1
-0.11900787156261201,-1.4705222276643457,1.1352329732316275,-0.060046590108974215,-0.5668078475638854,1
1.2457033334450434,-1.4320184817948887,-0.27546163355110914,-0.638344408172932,-0.48356732396332447,1
-0.9150894078170776,-1.4320184817948887,-0.5576005549076565,-0.3491954991409531,-1.8084789912722508,0
-1.0667239861512616,1.3017474749365587,1.1352329732316275,-0.9274933172049109,0.9107114463460688,1
-0.08109922697906603,-0.10363924929862191,-1.1218783976207511,0.08452786440701522,-0.6708585020645866,1
0.032626706771571916,-0.5079285809279205,0.7120245911968065,0.08452786440701522,0.0020023970399463877,1
0.7149823092753996,0.20439071765703415,1.2763024339099012,0.37367677343899414,1.167369727447798,1
0.10844399593866388,-0.18064674103753592,1.2057677035707643,0.08452786440701522,0.5222556695434514,1
-0.9529980524006236,-0.5464323267973775,-1.6861562403338457,0.9519745915029519,-1.7460485985718301,0
-1.1804499199018994,0.06962760711393462,0.7825593215359433,-1.6503655897848581,-0.21303562226150208,1
0.4496217971905777,-0.35391359745009243,0.9941635125533538,0.5182512279549836,0.48063540774317126,1
0.8666168876095836,-0.37316547038482095,-0.6986700155859301,-0.9274933172049109,-0.1367318089609878,1
0.8287082430260375,1.2054881102629162,0.21828147882284868,-0.638344408172932,1.4309647188495738,1
1.3594292671956814,1.3402512208060158,0.2888162091619855,-1.6503655897848581,1.8541040471524248,1
1.4731552009463191,-1.451270354729617,1.2057677035707643,0.08452786440701522,0.35577462234233026,1
-0.9529980524006236,0.8397025245030748,1.346837164249038,1.2411235005349308,0.744230399144947,1
-0.9909066969841696,1.5905255689574864,0.923628782214217,-0.20462104462496367,1.05638236264705,1
-1.4458104319867213,-0.9507216584266761,1.2763024339099012,-1.5057911352688687,-0.8512129698658015,1
0.7528909538589456,-1.5667815923379882,1.2763024339099012,-1.3612166807528792,-0.08817483686066108,1
-0.19482516072970396,0.7049394139599753,0.923628782214217,-0.060046590108974215,0.8552177639456949,1
-0.38436838364743386,1.1862362373281878,-0.9808089369424775,1.674846864082899,0.16154673394102156,1
-0.8392721186499856,-0.8929660396224905,-1.192413127959888,0.08452786440701522,-1.6905549161714561,0
-1.4079017874031754,-0.6619435644057485,1.2057677035707643,-0.49376995365694254,-0.6569850814644929,1
1.6626984238640492,-0.604187945601563,-0.13439217287283547,1.674846864082899,0.4112683047427042,1
1.2077946888614974,0.31990195526540516,1.5584413552664484,-1.5057911352688687,1.6598761587511162,1
1.0561601105273135,1.0707249997198167,-1.192413127959888,1.2411235005349308,0.7650405300450874,1
-0.8013634740664397,1.2824956020018303,0.9941635125533538,-0.20462104462496367,0.9731418390464893,1
-1.5974450103209052,-0.16139486810280743,-0.06385744253369866,1.5302724095669096,-1.02463072736697,1
1.5110638455298653,0.8204506515683463,0.5709551305185329,0.37367677343899414,1.7014964205513963,1
0.9045255321931295,-0.873714166687762,1.699510815944722,1.2411235005349308,0.7026101373446669,1
0.4496217971905777,-0.33466172451536397,1.4879066249273116,0.5182512279549836,0.7372936888449005,1
-1.3699931428196295,1.1092287455892738,0.7120245911968065,-0.7829188626889214,0.39739488414261037,1
-0.043190582395520045,0.7434431598294322,-1.4745520493164352,-1.0720677717209004,-0.21303562226150208,1
0.5633477309412157,0.8589543974378032,-1.3334825886381616,-0.638344408172932,0.27253409874176937,1
-0.38436838364743386,-1.4320184817948887,0.7825593215359433,-1.0720677717209004,-0.8581496801658484,1
0.9045255321931295,-0.1421429951680789,-0.20492690321197232,-0.9274933172049109,0.29334422964190976,1
-0.8392721186499856,-0.48867670799319196,-0.6281352852467933,-1.5057911352688687,-1.1217446715676243,0
-0.005281937811974064,-1.7207965758158161,0.42988566984025917,-1.0720677717209004,-1.0315674376670168,1
-0.15691651614615798,-0.21915048690699293,0.8530940518750801,1.0965490460189413,0.17542015454111473,1
0.9424341767766755,0.5316725575474187,-0.9102742066033406,1.674846864082899,0.4528885665429843,1
-1.1804499199018994,-0.719699183209934,0.006677287805438178,-1.5057911352688687,-1.1633649333679046,0
1.4352465563627732,-1.0662328960350471,-0.4165310942293828,-1.0720677717209004,-0.18528878106131513,1
1.3973379117792273,0.8974581433072603,0.7120245911968065,0.662825682470973,1.7639268132518167,1
1.1319773996944054,-0.02663175755970789,-0.48706582456851966,-0.060046590108974215,0.36271133264237687,1
0.8287082430260375,1.4750143313491153,-1.4040173189772984,1.2411235005349308,0.8274709227455079,1
1.0940687551108594,0.4546650658085047,0.14774674848371183,0.8074001369869624,1.0008886802466763,1
0.4496217971905777,0.08887948004866313,0.2888162091619855,-0.3491954991409531,0.4528885665429843,1
-0.3464597390638879,-1.1047366419045042,1.346837164249038,-1.2166422262368897,-0.3240229870622499,1
-1.5595363657373593,0.7049394139599753,0.923628782214217,-0.638344408172932,0.10605305154064763,1
0.8287082430260375,-1.6630409570116307,0.2888162091619855,0.37367677343899414,-0.6014913990641189,1
-1.6732622994879973,0.8782062703725317,-0.27546163355110914,-1.6503655897848581,-0.42113693126290397,1
-1.0667239861512616,-0.10363924929862191,0.5709551305185329,-0.20462104462496367,-0.37951666946262386,1
1.2836119780285893,1.0899768726545453,-1.4745520493164352,-0.060046590108974215,0.7650405300450874,1
-0.2706424498967959,0.4739169387432332,0.35935093950112235,-0.7829188626889214,0.3696480429424234,1
-1.4458104319867213,-1.5860334652727166,1.2763024339099012,-0.20462104462496367,-1.309035849668886,0
-0.005281937811974064,-0.527180453862649,-0.48706582456851966,1.0965490460189413,-0.6223015299642592,1
1.5489724901134112,0.8782062703725317,0.6414898608576697,1.2411235005349308,1.7986103647520508,1
-1.0667239861512616,-1.4320184817948887,0.006677287805438178,0.9519745915029519,-1.6142511028709423,0
-1.6353536549044512,1.3017474749365587,-1.192413127959888,-0.3491954991409531,-0.545997716663745,1
1.4731552009463191,-1.4705222276643457,-1.545086779655572,-0.060046590108974215,-1.0107573067668765,1
-1.7490795886550892,1.263243729067102,0.500420400179396,-0.060046590108974215,0.1962302854412551,1
-0.42227702823097985,-1.0662328960350471,-1.0513436672816143,-0.9274933172049109,-1.517137158670288,0
-0.5360029619816178,-0.719699183209934,-1.6861562403338457,1.3856979550509203,-1.6419979440711292,0
0.032626706771571916,1.5135180772185723,1.4879066249273116,0.5182512279549836,1.840230626552331,1
-1.2183585644854455,0.6471837951557897,-0.20492690321197232,-0.638344408172932,-0.3032128561621095,1
0.8666168876095836,0.3391538282001337,-1.6861562403338457,-0.49376995365694254,-0.10898496776080083,1
-0.9150894078170776,-1.258751625382332,-1.3334825886381616,0.8074001369869624,-2.06513727237398,0
0.8666168876095836,1.5905255689574864,-1.3334825886381616,-0.060046590108974215,0.9662051287464427,1
-1.1804499199018994,1.6290293148269435,0.21828147882284868,1.5302724095669096,0.6332430343441993,1
0.9045255321931295,1.4172587125449299,-1.4745520493164352,-0.7829188626889214,0.7927873712452744,1
-0.9529980524006236,1.1284806185240024,-1.4745520493164352,1.2411235005349308,-0.43501035186299775,1
-1.6353536549044512,0.14663509885284864,1.6289760856055853,-1.5057911352688687,0.008939107339993589,1
-0.043190582395520045,0.7241912868947037,1.346837164249038,1.3856979550509203,1.1604330171477515,1
-0.4601856728145258,1.4750143313491153,-1.4745520493164352,-0.49376995365694254,0.08524292064050726,1
1.3973379117792273,-0.39241734331954947,0.8530940518750801,-1.0720677717209004,0.9037747360460222,1
-0.9150894078170776,1.03222125385036,-0.5576005549076565,0.662825682470973,-0.03268115446028716,1
0.032626706771571916,1.5520218230880294,-1.4040173189772984,-0.060046590108974215,0.4459518562429377,1
0.7149823092753996,-1.2009960065781466,0.21828147882284868,-1.5057911352688687,-0.36564324886253,1
-0.6118202511487097,0.8011987786336178,1.2057677035707643,1.5302724095669096,0.8344076330455545,1
1.5489724901134112,-0.989225404296133,-0.06385744253369866,0.22910231892300467,0.10605305154064763,1
-0.8013634740664397,-1.02772915016559,1.0646982428924907,0.9519745915029519,-0.6569850814644929,1
0.5254390863576697,-0.21915048690699293,0.7120245911968065,-1.3612166807528792,0.48063540774317126,1
-0.23273380531324994,0.3006500823306767,-0.6281352852467933,-1.6503655897848581,-0.21997233256154866,1
0.9045255321931295,-0.450172962123735,-0.20492690321197232,-0.638344408172932,0.07136950004041409,1
0.0705353513551179,0.7434431598294322,-0.06385744253369866,1.0965490460189413,0.5430658004435918,1
-0.4980943173980718,1.5712736960227578,0.6414898608576697,-0.7829188626889214,1.1743064377478447,1
-0.043190582395520045,-0.23840235984172142,-0.5576005549076565,-0.9274933172049109,-0.4696939033632313,1
1.2457033334450434,-0.1998986139722644,0.500420400179396,1.0965490460189413,0.7858506609452278,1
-1.6353536549044512,1.4750143313491153,-1.4745520493164352,-0.060046590108974215,-0.5598711372638387,1
-1.2941758536525374,-1.7207965758158161,-0.9102742066033406,1.2411235005349308,-2.398099366776223,0
-0.7634548294828937,-1.0084772772308617,0.14774674848371183,-1.2166422262368897,-1.0731876994672969,0
-1.7490795886550892,-1.3742628629907032,-0.7692047459250669,0.662825682470973,-2.3287322637757555,0
-0.4980943173980718,-0.0843873763638934,0.9941635125533538,0.5182512279549836,0.15461002364097498,1
-0.6118202511487097,0.22364259059176264,0.2888162091619855,1.674846864082899,-0.03268115446028716,1
-0.38436838364743386,1.2247399831976449,-0.6281352852467933,0.9519745915029519,0.36271133264237687,1
0.9424341767766755,-1.0469810231003185,0.5709551305185329,-0.3491954991409531,0.04362265884022713,1
1.0182514659437674,-0.0651355034291649,0.9941635125533538,-0.3491954991409531,1.0008886802466763,1
-1.7490795886550892,0.7241912868947037,0.7825593215359433,-1.2166422262368897,-0.05349128536042692,1
0.5633477309412157,-0.1998986139722644,0.9941635125533538,0.9519745915029519,0.6540531652443397,1
-1.7490795886550892,1.2247399831976449,-1.4040173189772984,1.2411235005349308,-0.7679724462652406,1
-0.11900787156261201,1.3209993478712874,1.2057677035707643,1.3856979550509203,1.4795216909499012,1
-0.7255461848993477,1.7445405524353144,1.1352329732316275,-1.3612166807528792,1.41709129824948,1
-1.0288153415677155,-0.719699183209934,-0.6986700155859301,-1.5057911352688687,-1.4269599247696805,0
0.7149823092753996,-0.6619435644057485,0.5709551305185329,-0.7829188626889214,0.1962302854412551,1
0.9424341767766755,-0.527180453862649,-1.6156215099947089,0.8074001369869624,-0.6569850814644929,1
1.0561601105273135,-0.5464323267973775,1.4173718945881748,-1.2166422262368897,0.8829646051458818,1
0.032626706771571916,-0.989225404296133,-1.6861562403338457,0.9519745915029519,-1.5240738689703348,0
1.3594292671956814,1.6097774418922148,-1.4040173189772984,-1.0720677717209004,1.2159266995481248,1
-0.7634548294828937,1.3402512208060158,-0.13439217287283547,1.674846864082899,0.48063540774317126,1
-0.7634548294828937,-1.6245372111421736,-1.4040173189772984,-0.7829188626889214,-2.2801752916754285,0
1.3594292671956814,-0.18064674103753592,0.6414898608576697,-0.20462104462496367,0.9315215772462092,1
-0.9150894078170776,-0.8159585478835766,0.500420400179396,-1.0720677717209004,-0.8442762595657549,1
1.1319773996944054,1.532769950153301,-1.0513436672816143,-0.49376995365694254,1.2089899892480782,1
0.6770736646918536,0.10813135298339163,-0.5576005549076565,-0.49376995365694254,0.17542015454111473,1
-0.7634548294828937,0.24289446352649116,-0.27546163355110914,-0.3491954991409531,-0.37951666946262386,1
0.41171315260703173,0.6471837951557897,0.500420400179396,1.0965490460189413,0.9384582875462558,1
-1.3699931428196295,0.24289446352649116,-0.6281352852467933,-0.3491954991409531,-0.885896521366035,1
-0.6497288957322558,0.6471837951557897,0.21828147882284868,0.8074001369869624,0.21704041634139548,1
0.8666168876095836,0.26214633646121965,0.21828147882284868,0.37367677343899414,0.771977240345134,1
-1.7490795886550892,1.3402512208060158,-1.2629478582990248,-0.060046590108974215,-0.6153648196642126,1
0.33589586343993977,0.08887948004866313,0.14774674848371183,-0.638344408172932,0.3210910708420967,1
-1.1425412753183535,-1.5475297194032596,0.7120245911968065,-0.7829188626889214,-1.392276373269447,0
1.0182514659437674,1.3595030937407444,1.0646982428924907,0.8074001369869624,2.0622053561538265,1
-1.7490795886550892,1.1284806185240024,1.1352329732316275,0.662825682470973,0.4112683047427042,1
-0.8392721186499856,-0.8159585478835766,1.699510815944722,0.5182512279549836,-0.21303562226150208,1
1.0561601105273135,1.4365105854796583,-0.13439217287283547,1.2411235005349308,1.5488887939503682,1
0.6770736646918536,1.3595030937407444,0.14774674848371183,1.3856979550509203,1.4240280085495272,1
0.7907995984424916,1.4172587125449299,-1.6156215099947089,-0.3491954991409531,0.6609898755443862,1
1.2836119780285893,1.4750143313491153,-0.34599636389024596,-1.6503655897848581,1.5974457660506955,1
1.3973379117792273,-0.719699183209934,0.14774674848371183,1.3856979550509203,0.3210910708420967,1
1.1319773996944054,1.4172587125449299,-0.4165310942293828,1.2411235005349308,1.4379014291496204,1
0.41171315260703173,0.22364259059176264,1.1352329732316275,-0.9274933172049109,0.9453949978463023,1
-0.8771807632335317,-1.7207965758158161,-0.48706582456851966,0.8074001369869624,-1.9610866178732789,0
-1.0667239861512616,-0.045883630494436396,0.6414898608576697,-1.6503655897848581,-0.3032128561621095,1
1.5868811346969571,1.5520218230880294,0.2888162091619855,-0.49376995365694254,2.131572459154294,1
0.032626706771571916,-1.0854847689697755,-1.7566909706729825,-0.49376995365694254,-1.6281245234710358,0
-0.08109922697906603,0.9359618891767173,0.923628782214217,0.5182512279549836,1.0841292038472372,1
0.14635264052220986,-1.41276660886016,-0.9102742066033406,0.5182512279549836,-1.3853396629694,0
1.4352465563627732,1.6097774418922148,1.5584413552664484,0.37367677343899414,2.7142561243582195,1
0.6770736646918536,-0.5079285809279205,0.07721201814457501,-1.5057911352688687,0.04362265884022713,1
-1.2183585644854455,-0.450172962123735,0.5709551305185329,0.5182512279549836,-0.7124787638648667,1
-1.7111709440715432,0.16588697178757714,-0.9102742066033406,1.674846864082899,-1.2674155878686055,0
1.3594292671956814,-0.23840235984172142,-1.4745520493164352,-0.20462104462496367,-0.15060522956108158,1
-1.6353536549044512,-1.682292829946359,0.14774674848371183,1.5302724095669096,-2.037390431173793,0
0.5633477309412157,-0.9314697854919476,0.42988566984025917,-0.7829188626889214,-0.15060522956108158,1
-0.11900787156261201,0.10813135298339163,1.2763024339099012,0.5182512279549836,0.6401797446442464,1
0.032626706771571916,-1.3935147359254316,0.2888162091619855,0.8074001369869624,-0.8442762595657549,1
1.4731552009463191,0.6471837951557897,1.2763024339099012,0.662825682470973,1.9026610192527516,1
0.7149823092753996,-0.9314697854919476,-1.2629478582990248,-0.3491954991409531,-0.8997699419661286,1
0.7528909538589456,1.725288679500586,-0.9808089369424775,1.2411235005349308,1.1743064377478447,1
0.6012563755247616,0.4931688116779617,1.346837164249038,0.9519745915029519,1.3477241952490129,1
-0.7634548294828937,0.37765757406959066,-0.6986700155859301,0.8074001369869624,-0.4905040342633717,1
1.2077946888614974,-1.220247879512875,-0.6281352852467933,-1.6503655897848581,-0.5251875857636052,1
0.9045255321931295,1.6675330606964005,1.699510815944722,1.2411235005349308,2.5339016565570045,1
0.7149823092753996,1.1284806185240024,1.6289760856055853,1.5302724095669096,2.0067116737534527,1
-0.2706424498967959,0.6279319222210612,-0.7692047459250669,-1.0720677717209004,-0.07430141626056729,1
1.2457033334450434,0.4739169387432332,0.7120245911968065,0.9519745915029519,1.3754710364492,1
0.18426128510575585,0.26214633646121965,-0.8397394762642038,-1.0720677717209004,-0.12285838836089462,1
-1.2183585644854455,1.2824956020018303,0.42988566984025917,-0.9274933172049109,0.4667619871430781,1
-0.9529980524006236,0.20439071765703415,0.14774674848371183,1.5302724095669096,-0.3032128561621095,1
-0.6876375403158017,-0.527180453862649,-0.8397394762642038,-1.5057911352688687,-1.1703016436679512,0
0.6012563755247616,0.22364259059176264,-0.4165310942293828,-0.7829188626889214,0.28640751934186254,1
1.3594292671956814,0.6279319222210612,1.6289760856055853,0.9519745915029519,1.999774963453406,1
-0.6118202511487097,-0.045883630494436396,-0.9102742066033406,0.662825682470973,-0.816529418365568,1
-1.6353536549044512,1.0129693809156313,0.42988566984025917,0.37367677343899414,0.04362265884022713,1
1.2077946888614974,-1.6437890840769023,-0.9102742066033406,0.9519745915029519,-0.9691370449665959,1
-0.19482516072970396,0.9359618891767173,-0.7692047459250669,-1.2166422262368897,0.1892935751412085,1
1.0182514659437674,0.4546650658085047,-0.9808089369424775,-1.0720677717209004,0.404331594442657,1
-0.9150894078170776,0.5124206846126902,-0.27546163355110914,-0.9274933172049109,-0.268529304661876,1
-1.7490795886550892,-0.9122179125572191,0.2888162091619855,-1.3612166807528792,-1.4755168968700074,0
1.0182514659437674,-0.41166921625427794,0.35935093950112235,0.37367677343899414,0.43901514594289115,1
-0.7255461848993477,-1.5090259735338027,0.923628782214217,-0.20462104462496367,-1.0315674376670168,1
-1.3699931428196295,0.3584057011348622,0.7120245911968065,0.22910231892300467,-0.143668519261035,1
0.8287082430260375,0.43541319287377617,-0.4165310942293828,1.674846864082899,0.5638759313437322,1
-0.19482516072970396,1.4750143313491153,0.923628782214217,-1.3612166807528792,1.4101545879494335,1
-1.6732622994879973,-1.3935147359254316,0.35935093950112235,1.5302724095669096,-1.7460485985718301,0
-1.2183585644854455,0.3584057011348622,-1.4040173189772984,1.0965490460189413,-1.1009345406674838,0
-1.2183585644854455,-0.39241734331954947,1.6289760856055853,-1.0720677717209004,-0.15060522956108158,1
0.9045255321931295,1.4365105854796583,-1.0513436672816143,-1.0720677717209004,1.01476210084677,1
0.6012563755247616,1.3209993478712874,0.923628782214217,1.5302724095669096,1.7361799720516298,1
0.2600785742728478,-1.2394997524476037,-1.6156215099947089,0.9519745915029519,-1.5448839998704749,0
-1.4079017874031754,1.4365105854796583,-1.192413127959888,-0.638344408172932,-0.3240229870622499,1
1.3973379117792273,1.0899768726545453,-1.545086779655572,1.0965490460189413,0.7927873712452744,1
0.8666168876095836,-0.02663175755970789,-0.06385744253369866,1.0965490460189413,0.42514172534279737,1
1.0182514659437674,1.3595030937407444,-0.13439217287283547,-0.20462104462496367,1.4725849806498539,1
0.6391650201083077,-1.6437890840769023,-1.0513436672816143,0.662825682470973,-1.3506561114691664,0
-0.7255461848993477,1.2247399831976449,-0.34599636389024596,-0.3491954991409531,0.31415436054204954,1
-1.1046326307348076,1.2054881102629162,1.699510815944722,1.0965490460189413,1.0980026244473304,1
0.10844399593866388,0.011871988309749115,0.7825593215359433,-1.2166422262368897,0.4528885665429843,1
0.41171315260703173,1.2054881102629162,-0.27546163355110914,1.5302724095669096,0.9592684184463962,1
0.4875304417741237,-1.220247879512875,0.21828147882284868,-1.2166422262368897,-0.5043774548634649,1
0.032626706771571916,1.7445405524353144,-1.7566909706729825,-1.5057911352688687,0.4112683047427042,1
0.22216992968930183,-0.41166921625427794,-1.6156215099947089,-0.638344408172932,-0.9691370449665959,1
1.6626984238640492,-1.258751625382332,-0.8397394762642038,-1.6503655897848581,-0.4072635106628108,1
0.18426128510575585,-1.6437890840769023,-0.06385744253369866,0.9519745915029519,-1.1148079612675774,0
-1.2941758536525374,1.1862362373281878,0.500420400179396,1.2411235005349308,0.3904581738425638,1
-0.043190582395520045,-1.2394997524476037,1.346837164249038,-1.2166422262368897,-0.2546558840617822,1
-1.3320844982360833,-1.6052853382074452,-1.192413127959888,0.662825682470973,-2.474403180076737,0
0.8666168876095836,0.10813135298339163,1.6289760856055853,1.674846864082899,1.3546609055490595,1
-0.6876375403158017,1.6675330606964005,-0.8397394762642038,-0.49376995365694254,0.4112683047427042,1
1.2836119780285893,-1.5090259735338027,0.5709551305185329,-0.49376995365694254,-0.10204825746075424,1
0.4496217971905777,0.37765757406959066,0.923628782214217,-1.6503655897848581,0.9731418390464893,1
0.8287082430260375,0.6279319222210612,0.35935093950112235,-1.2166422262368897,1.0841292038472372,1
-0.2706424498967959,0.3969094470043192,0.9941635125533538,-0.20462104462496367,0.6263063240441527,1
-0.3464597390638879,0.5316725575474187,0.5709551305185329,-0.7829188626889214,0.4736986974431247,1
0.7907995984424916,1.3209993478712874,0.2888162091619855,1.674846864082899,1.5280786630502279,1
-1.1046326307348076,-0.64269169147102,-1.0513436672816143,-0.9274933172049109,-1.5865042616707552,0
-0.23273380531324994,1.3980068396102014,1.0646982428924907,-0.060046590108974215,1.4032178776493869,1
-0.42227702823097985,-0.1998986139722644,1.0646982428924907,-0.49376995365694254,0.1476733133409284,1
0.5633477309412157,-0.5079285809279205,-0.20492690321197232,-0.3491954991409531,-0.15754193986112816,1
-1.4079017874031754,-0.10363924929862191,0.6414898608576697,-1.3612166807528792,-0.5321242960636517,1
0.41171315260703173,-1.02772915016559,-0.48706582456851966,0.5182512279549836,-0.7540990256651472,1
-0.15691651614615798,1.3017474749365587,-0.4165310942293828,0.08452786440701522,0.647116454944293,1
-1.4837190765702672,-0.835210420818305,0.14774674848371183,1.0965490460189413,-1.3437194011691196,0
0.14635264052220986,-1.6437890840769023,-0.6986700155859301,-0.7829188626889214,-1.4477700556698205,0
-1.1046326307348076,-0.2769061057111784,1.2763024339099012,0.37367677343899414,-0.17835207076126855,1
-0.5360029619816178,0.7819469056988892,0.8530940518750801,1.5302724095669096,0.6887367167445732,1
-1.0288153415677155,0.6856875410252468,-1.4040173189772984,1.5302724095669096,-0.761035735965194,1
0.7149823092753996,-1.5860334652727166,0.923628782214217,1.674846864082899,-0.29627614586206297,1
0.0705353513551179,0.011871988309749115,-0.4165310942293828,0.8074001369869624,-0.15754193986112816,1
0.7528909538589456,0.5316725575474187,0.006677287805438178,1.2411235005349308,0.799724081545321,1
0.9045255321931295,-1.7207965758158161,1.2057677035707643,1.2411235005349308,-0.15060522956108158,1
1.0561601105273135,1.5520218230880294,-0.5576005549076565,0.9519745915029519,1.4240280085495272,1
-0.7255461848993477,0.37765757406959066,-1.4040173189772984,0.37367677343899414,-0.816529418365568,1
-0.15691651614615798,-1.3165072441865175,-0.5576005549076565,0.5182512279549836,-1.309035849668886,0
-1.6353536549044512,-0.565684199732106,-0.6986700155859301,0.5182512279549836,-1.6489346543711758,0
-1.3699931428196295,-0.5079285809279205,1.2057677035707643,1.2411235005349308,-0.5251875857636052,1
-0.9909066969841696,0.2813982093959482,0.7825593215359433,1.674846864082899,0.04362265884022713,1
-0.3464597390638879,0.7241912868947037,-1.1218783976207511,0.9519745915029519,-0.21997233256154866,1
1.1319773996944054,0.37765757406959066,0.500420400179396,-0.9274933172049109,1.139622886247611,1
1.0940687551108594,1.725288679500586,-0.7692047459250669,0.08452786440701522,1.4656482703498075,1
-0.6118202511487097,-0.758202929079391,-0.6986700155859301,-0.060046590108974215,-1.2257953260683252,0
1.2077946888614974,-0.1421429951680789,-0.34599636389024596,-1.2166422262368897,0.3904581738425638,1
1.4731552009463191,1.1862362373281878,0.6414898608576697,0.8074001369869624,1.9789648325532658,1
-1.4458104319867213,-1.2972553712517891,-0.06385744253369866,-0.20462104462496367,-1.7599220191719236,0
-1.5595363657373593,0.5894281763516043,1.0646982428924907,-1.5057911352688687,0.09217963094055447,1
-1.5974450103209052,0.31990195526540516,0.5709551305185329,-0.9274933172049109,-0.36564324886253,1
-1.7111709440715432,1.3017474749365587,0.9941635125533538,0.662825682470973,0.4875721180432179,1
-1.4079017874031754,-1.0662328960350471,0.500420400179396,-1.2166422262368897,-1.2951624290687926,0
0.7907995984424916,0.9167100162419888,0.7825593215359433,-0.49376995365694254,1.4795216909499012,1
-0.08109922697906603,0.6279319222210612,1.6289760856055853,-0.9274933172049109,1.2089899892480782,1
-0.005281937811974064,-1.7015447028810877,-0.9808089369424775,-1.3612166807528792,-1.7113650470715966,0
1.5868811346969571,-1.41276660886016,1.346837164249038,-0.9274933172049109,0.5153189592434048,1
1.3215206226121352,0.6856875410252468,1.4173718945881748,0.9519745915029519,1.9165344398528452,1
1.5489724901134112,-0.8929660396224905,-1.6861562403338457,-1.6503655897848581,-0.6223015299642592,1
-1.0667239861512616,-1.4705222276643457,1.346837164249038,0.22910231892300467,-0.9830104655666894,1
1.0561601105273135,-1.451270354729617,-0.5576005549076565,0.9519745915029519,-0.7402256050650536,1
-1.2183585644854455,-1.0662328960350471,-0.7692047459250669,0.9519745915029519,-1.8154157015722976,0
1.5110638455298653,0.9744656350461743,0.35935093950112235,0.5182512279549836,1.7084331308514433,1
0.9803428213602214,-0.8544622937530335,-0.5576005549076565,-0.638344408172932,-0.35176982826243686,1
0.2600785742728478,1.1669843643934594,0.5709551305185329,-0.49376995365694254,1.264483671648452,1
-1.1804499199018994,-0.5464323267973775,1.346837164249038,-0.9274933172049109,-0.37951666946262386,1
-0.3085510944803419,-1.1432403877739612,-0.6986700155859301,1.2411235005349308,-1.336782690869073,0
-1.6732622994879973,0.14663509885284864,1.5584413552664484,-0.638344408172932,-0.04655457506038033,1
0.9424341767766755,0.7626950327641607,-0.48706582456851966,0.662825682470973,0.8274709227455079,1
0.7149823092753996,1.7060368065658573,0.2888162091619855,-0.20462104462496367,1.7639268132518167,1
-0.3085510944803419,-1.2009960065781466,-0.34599636389024596,-1.3612166807528792,-1.2049851951681851,0
1.4352465563627732,-0.35391359745009243,0.923628782214217,-0.20462104462496367,0.9870152596465831,1
-0.5739116065651638,-0.681195437340477,0.923628782214217,-0.49376995365694254,-0.35176982826243686,1
0.5254390863576697,0.5124206846126902,0.006677287805438178,-1.2166422262368897,0.6609898755443862,1
0.37380450802348575,1.4750143313491153,0.07721201814457501,-1.0720677717209004,1.3061039334487328,1
-0.23273380531324994,1.2054881102629162,-1.6156215099947089,-1.3612166807528792,-0.05349128536042692,1
0.8666168876095836,0.4931688116779617,0.923628782214217,0.9519745915029519,1.2852938025485925,1
0.9424341767766755,1.1669843643934594,-0.34599636389024596,-1.3612166807528792,1.1881798583479384,1
-0.4980943173980718,1.6482811877616719,-1.1218783976207511,-1.6503655897848581,0.36271133264237687,1
-1.4837190765702672,-0.5849360726668345,1.4173718945881748,-0.49376995365694254,-0.5390610063636984,1
1.5489724901134112,-0.7967066749488481,0.42988566984025917,1.674846864082899,0.4875721180432179,1
-1.7111709440715432,0.6086800492863327,-0.7692047459250669,0.37367677343899414,-0.8789598110659885,1
0.6012563755247616,-1.5282778464685312,-0.9102742066033406,0.9519745915029519,-1.2188586157682786,0
-1.7490795886550892,-0.0073798846249793874,-0.9102742066033406,-1.2166422262368897,-1.413086504169587,0
1.3215206226121352,0.8204506515683463,-0.20492690321197232,0.37367677343899414,1.2159266995481248,1
-1.6353536549044512,0.7819469056988892,-1.2629478582990248,0.5182512279549836,-0.9552636243665025,1
0.6012563755247616,-0.9314697854919476,1.0646982428924907,1.674846864082899,0.18235686484116193,1
-0.2706424498967959,1.2054881102629162,-0.8397394762642038,1.0965490460189413,0.3072176502420029,1
-0.23273380531324994,0.8589543974378032,0.14774674848371183,0.5182512279549836,0.5638759313437322,1
1.2836119780285893,1.7060368065658573,-1.0513436672816143,-1.6503655897848581,1.41709129824948,1
0.2979872188563938,-1.3935147359254316,-1.6861562403338457,0.08452786440701522,-1.669744785271316,0
1.3594292671956814,-0.9122179125572191,1.4879066249273116,-0.20462104462496367,0.8205342124454613,1
-1.0288153415677155,-1.2394997524476037,1.699510815944722,-1.6503655897848581,-0.6223015299642592,1
-0.005281937811974064,-0.5849360726668345,-0.6986700155859301,-0.49376995365694254,-0.7679724462652406,1
-0.4601856728145258,0.5124206846126902,0.2888162091619855,-0.3491954991409531,0.2586606781416756,1
-0.8013634740664397,-1.5860334652727166,0.6414898608576697,-1.0720677717209004,-1.2674155878686055,0
0.9424341767766755,1.7445405524353144,-0.9808089369424775,-0.060046590108974215,1.292230512848639,1
-1.0288153415677155,-0.1421429951680789,1.699510815944722,1.5302724095669096,0.16848344424106815,1
1.3215206226121352,0.6471837951557897,1.4879066249273116,-0.9274933172049109,1.9234711501528918,1
0.9424341767766755,0.9744656350461743,-0.20492690321197232,-1.0720677717209004,1.1188127553474707,1
-1.2562672090689915,0.4931688116779617,1.699510815944722,-0.3491954991409531,0.5014455386433117,1
-1.6353536549044512,0.8397025245030748,-0.48706582456851966,-1.5057911352688687,-0.5321242960636517,1
-0.9529980524006236,-0.2961579786459069,-1.192413127959888,-0.7829188626889214,-1.3229092702689795,0
1.1698860442779513,0.08887948004866313,-0.27546163355110914,1.674846864082899,0.5708126416437788,1
-0.5360029619816178,-0.7389510561446625,0.14774674848371183,-0.9274933172049109,-0.7540990256651472,1
-0.6876375403158017,0.8974581433072603,1.0646982428924907,0.5182512279549836,0.7927873712452744,1
0.2979872188563938,0.3969094470043192,0.42988566984025917,0.08452786440701522,0.6609898755443862,1
-0.2706424498967959,1.7060368065658573,-0.13439217287283547,-0.3491954991409531,1.01476210084677,1
1.2836119780285893,-1.1239885148392326,0.6414898608576697,0.08452786440701522,0.2101037060413489,1
0.2979872188563938,-0.18064674103753592,-0.27546163355110914,-0.9274933172049109,-0.10204825746075424,1
0.33589586343993977,1.3787549666754728,-0.48706582456851966,-0.20462104462496367,0.9384582875462558,1
1.3215206226121352,-0.1998986139722644,0.5709551305185329,0.662825682470973,0.8621544742457415,1
0.8666168876095836,-1.5475297194032596,0.500420400179396,1.3856979550509203,-0.393390090062717,1
-0.42227702823097985,1.455762458414387,-0.06385744253369866,-1.2166422262368897,0.7858506609452278,1
0.8287082430260375,-0.5079285809279205,0.500420400179396,1.0965490460189413,0.33496449144218987,1
1.6626984238640492,-1.181744133643418,0.14774674848371183,-1.0720677717209004,0.1337998927408346,1
0.2600785742728478,0.6664356680905182,-1.0513436672816143,1.5302724095669096,0.10605305154064763,1
0.41171315260703173,-0.9507216584266761,0.006677287805438178,1.0965490460189413,-0.4558204827631375,1
-0.6876375403158017,-0.35391359745009243,0.500420400179396,0.22910231892300467,-0.3864533797626704,1
-0.11900787156261201,-1.4897741005990741,1.699510815944722,-1.2166422262368897,-0.3032128561621095,1
0.8287082430260375,1.6675330606964005,-0.9808089369424775,0.662825682470973,1.1743064377478447,1
0.18426128510575585,1.2247399831976449,-0.06385744253369866,-0.7829188626889214,0.9523317081463489,1
-0.4601856728145258,0.8397025245030748,-1.7566909706729825,1.2411235005349308,-0.5113141651635115,1
0.8287082430260375,0.7434431598294322,-1.1218783976207511,-1.5057911352688687,0.43901514594289115,1
0.22216992968930183,1.3980068396102014,0.2888162091619855,-0.49376995365694254,1.2714203819484986,1
0.4496217971905777,-0.0073798846249793874,-1.192413127959888,-1.5057911352688687,-0.3448331179623903,1
1.6626984238640492,0.31990195526540516,0.2888162091619855,-1.3612166807528792,1.2852938025485925,1
-0.005281937811974064,-0.7774548020141195,0.923628782214217,0.8074001369869624,-0.10898496776080083,1
-1.5595363657373593,-1.4320184817948887,-0.6281352852467933,1.674846864082899,-2.196934768074868,0
0.33589586343993977,-1.220247879512875,-0.8397394762642038,-1.0720677717209004,-1.1078712509675308,0
-1.3320844982360833,-1.0854847689697755,-1.192413127959888,-0.20462104462496367,-2.0998208238742135,0
-0.5739116065651638,-0.9122179125572191,0.9941635125533538,1.674846864082899,-0.48356732396332447,1
-1.0667239861512616,-1.0854847689697755,0.8530940518750801,1.2411235005349308,-0.9483269140664559,1
0.032626706771571916,-1.0662328960350471,-0.27546163355110914,-1.2166422262368897,-0.885896521366035,1
1.3973379117792273,-0.1998986139722644,-1.1218783976207511,-1.0720677717209004,0.07136950004041409,1
-0.11900787156261201,0.6086800492863327,-0.8397394762642038,-0.20462104462496367,-0.03961786476033374,1
-1.0667239861512616,-0.6234398185362915,1.0646982428924907,-0.20462104462496367,-0.5113141651635115,1
1.3594292671956814,-0.7389510561446625,-0.20492690321197232,-0.7829188626889214,0.11298976184069422,1
0.7528909538589456,0.5316725575474187,0.7120245911968065,1.3856979550509203,1.1465595965476576,1
-0.3464597390638879,-0.9699735313614045,0.923628782214217,-1.6503655897848581,-0.43501035186299775,1
-0.8771807632335317,-1.5282778464685312,-1.7566909706729825,1.0965490460189413,-2.4466563388765503,0
0.14635264052220986,0.9167100162419888,-0.5576005549076565,-1.3612166807528792,0.4667619871430781,1
1.0561601105273135,-1.7015447028810877,1.699510815944722,-1.3612166807528792,0.1892935751412085,1
1.1698860442779513,-0.39241734331954947,0.35935093950112235,1.3856979550509203,0.5361290901435452,1
1.2836119780285893,-0.43092108918900646,-1.192413127959888,0.8074001369869624,-0.19222549136136172,1
1.0182514659437674,-1.02772915016559,-1.6861562403338457,-0.060046590108974215,-1.0107573067668765,1
1.0940687551108594,0.6664356680905182,-1.6156215099947089,0.662825682470973,0.28640751934186254,1
-1.0667239861512616,-1.4897741005990741,-0.48706582456851966,-0.060046590108974215,-1.8986562251728585,0
-0.19482516072970396,1.3209993478712874,1.4173718945881748,0.22910231892300467,1.5419520836503218,1
-0.043190582395520045,0.22364259059176264,-0.6986700155859301,0.9519745915029519,-0.2060989119614555,1
0.37380450802348575,-1.3935147359254316,-1.1218783976207511,0.22910231892300467,-1.3506561114691664,0
-0.6876375403158017,-1.181744133643418,1.0646982428924907,-1.3612166807528792,-0.7055420535648201,1
1.0940687551108594,-0.450172962123735,1.5584413552664484,-0.49376995365694254,1.0425089420469564,1
-1.2562672090689915,0.43541319287377617,-1.7566909706729825,1.674846864082899,-1.2396687466684186,0
-0.15691651614615798,-0.5849360726668345,0.35935093950112235,0.08452786440701522,-0.3309596973622965,1
-0.23273380531324994,-0.21915048690699293,0.7825593215359433,-1.6503655897848581,0.09911634124060105,1
-0.9909066969841696,-0.37316547038482095,-1.1218783976207511,-0.060046590108974215,-1.3645295320692599,0
-0.2706424498967959,0.8782062703725317,-1.6156215099947089,-1.2166422262368897,-0.31014956646215613,1
-0.9909066969841696,-1.5667815923379882,-0.4165310942293828,1.3856979550509203,-1.877846094272718,0
-0.6497288957322558,-1.220247879512875,0.9941635125533538,1.674846864082899,-0.7471623153651006,1
-1.5595363657373593,-1.0084772772308617,0.9941635125533538,0.5182512279549836,-1.0939978303674374,0
1.4731552009463191,0.5701763034168758,-1.6156215099947089,-1.0720677717209004,0.42514172534279737,1
0.41171315260703173,-0.450172962123735,0.7120245911968065,-0.49376995365694254,0.25172396784162904,1
-0.38436838364743386,-0.41166921625427794,0.7120245911968065,1.2411235005349308,-0.15754193986112816,1
-1.1804499199018994,0.9937175079809027,1.4173718945881748,1.5302724095669096,0.7650405300450874,1
0.0705353513551179,-0.21915048690699293,0.6414898608576697,1.0965490460189413,0.1962302854412551,1
-0.3085510944803419,-0.681195437340477,0.8530940518750801,-0.060046590108974215,-0.24078246346168905,1
0.9045255321931295,1.4365105854796583,0.07721201814457501,-1.0720677717209004,1.5696989248505087,1
0.2979872188563938,1.494266204283844,-1.192413127959888,1.3856979550509203,0.6540531652443397,1
0.9045255321931295,-0.1998986139722644,-1.192413127959888,-1.6503655897848581,-0.23384575316164247,1
-0.19482516072970396,0.5701763034168758,0.14774674848371183,-0.7829188626889214,0.37658475324247004,1
-1.4458104319867213,-0.758202929079391,-0.5576005549076565,1.0965490460189413,-1.6142511028709423,0
-0.23273380531324994,-1.4705222276643457,0.35935093950112235,-0.49376995365694254,-1.0107573067668765,1
1.4731552009463191,0.011871988309749115,-1.4745520493164352,-0.49376995365694254,0.09217963094055447,1
-1.1425412753183535,1.6290293148269435,-0.20492690321197232,-0.7829188626889214,0.4459518562429377,1
1.5110638455298653,-1.181744133643418,0.35935093950112235,0.9519745915029519,0.15461002364097498,1
1.4731552009463191,-0.9122179125572191,-0.20492690321197232,-0.3491954991409531,0.050559369140273716,1
0.22216992968930183,0.4161613199390477,-0.27546163355110914,-0.49376995365694254,0.28640751934186254,1
-0.9529980524006236,-0.0073798846249793874,-1.7566909706729825,1.2411235005349308,-1.392276373269447,0
-1.7490795886550892,-1.02772915016559,-0.34599636389024596,0.662825682470973,-1.8709093839726716,0
-0.5739116065651638,-0.5079285809279205,0.07721201814457501,-0.7829188626889214,-0.6431116608643996,1
1.5868811346969571,1.1092287455892738,-1.1218783976207511,-1.2166422262368897,1.1188127553474707,1
1.3594292671956814,-0.64269169147102,-0.20492690321197232,-1.3612166807528792,0.18235686484116193,1
-1.5216277211538134,-0.873714166687762,-0.9102742066033406,-0.20462104462496367,-1.912529645772952,0
-0.3464597390638879,-0.16139486810280743,-1.4745520493164352,0.9519745915029519,-1.0315674376670168,1
-0.3085510944803419,0.5894281763516043,-1.1218783976207511,1.0965490460189413,-0.29627614586206297,1
1.2836119780285893,-1.4897741005990741,0.21828147882284868,1.5302724095669096,-0.2615925943618294,1
-0.15691651614615798,0.5316725575474187,0.9941635125533538,-0.3491954991409531,0.7858506609452278,1
-0.23273380531324994,1.725288679500586,1.4879066249273116,-0.060046590108974215,1.8471673368523776,1
0.37380450802348575,-1.02772915016559,-1.545086779655572,0.9519745915029519,-1.2951624290687926,0
-0.5739116065651638,-0.527180453862649,0.42988566984025917,0.5182512279549836,-0.48356732396332447,1
-0.005281937811974064,-1.181744133643418,0.7825593215359433,0.9519745915029519,-0.4696939033632313,1
1.4352465563627732,-1.1047366419045042,-1.6156215099947089,-0.638344408172932,-0.8026559977654745,1
0.5254390863576697,0.7626950327641607,0.14774674848371183,-0.060046590108974215,0.9107114463460688,1
-1.5974450103209052,-1.220247879512875,0.9941635125533538,-0.20462104462496367,-1.2674155878686055,0
-0.3085510944803419,1.4750143313491153,1.6289760856055853,0.22910231892300467,1.6945597102513497,1
0.8287082430260375,-1.2009960065781466,-0.20492690321197232,-0.3491954991409531,-0.5113141651635115,1
-0.4980943173980718,-0.25765423277644994,1.2763024339099012,1.0965490460189413,0.16848344424106815,1
0.6012563755247616,-1.181744133643418,-0.9102742066033406,1.0965490460189413,-0.9691370449665959,1
-0.2706424498967959,0.12738322591812012,0.8530940518750801,1.674846864082899,0.36271133264237687,1
-0.5360029619816178,1.2247399831976449,-1.1218783976207511,-0.060046590108974215,0.03668594854018055,1
0.8287082430260375,-1.2780034983170605,0.42988566984025917,-0.060046590108974215,-0.2546558840617822,1
-1.5974450103209052,0.43541319287377617,-0.13439217287283547,-0.060046590108974215,-0.6292382402643059,1
1.2077946888614974,-1.3935147359254316,0.35935093950112235,-1.3612166807528792,-0.16447865016117474,1
-0.5360029619816178,0.7626950327641607,-1.3334825886381616,-0.49376995365694254,-0.4003268003627636,1
-0.6497288957322558,-0.35391359745009243,0.35935093950112235,-0.638344408172932,-0.43501035186299775,1
-0.9909066969841696,0.3391538282001337,0.6414898608576697,-1.3612166807528792,0.015875817640040174,1
-1.7490795886550892,-1.6245372111421736,-0.4165310942293828,0.37367677343899414,-2.3356689740758028,0
-0.4980943173980718,0.43541319287377617,0.42988566984025917,-1.2166422262368897,0.25172396784162904,1
0.6012563755247616,-0.33466172451536397,0.923628782214217,0.5182512279549836,0.5430658004435918,1
0.9803428213602214,-1.451270354729617,1.4173718945881748,-1.0720677717209004,0.1892935751412085,1
0.14635264052220986,0.8589543974378032,-1.6156215099947089,0.662825682470973,-0.09511154716070766,1
0.9045255321931295,1.1862362373281878,0.07721201814457501,-1.2166422262368897,1.389344457049293,1
0.18426128510575585,-0.64269169147102,-1.2629478582990248,-0.638344408172932,-0.9830104655666894,1
-0.15691651614615798,1.2824956020018303,0.7825593215359433,-0.20462104462496367,1.2228634098481719,1
0.9045255321931295,1.725288679500586,0.6414898608576697,0.37367677343899414,2.05526864585378,1
-0.5739116065651638,0.3584057011348622,1.699510815944722,0.9519745915029519,0.7789139506451807,1
0.032626706771571916,1.686784933631129,-1.192413127959888,-0.49376995365694254,0.647116454944293,1
-0.5360029619816178,-0.9314697854919476,-0.6986700155859301,-1.2166422262368897,-1.309035849668886,0
-0.15691651614615798,1.2247399831976449,-1.545086779655572,-0.7829188626889214,0.03668594854018055,1
-0.23273380531324994,-1.3165072441865175,1.0646982428924907,1.3856979550509203,-0.5529344269637921,1
-0.6876375403158017,-0.9507216584266761,-0.06385744253369866,-0.060046590108974215,-1.0939978303674374,0
-0.11900787156261201,1.6482811877616719,-0.34599636389024596,-0.3491954991409531,0.9523317081463489,1
-1.3699931428196295,-1.5475297194032596,0.35935093950112235,-0.060046590108974215,-1.6905549161714561,0
-0.23273380531324994,1.6482811877616719,-0.06385744253369866,-0.49376995365694254,1.0286355214468632,1
1.3215206226121352,1.2054881102629162,0.9941635125533538,1.2411235005349308,2.0830154870539666,1
0.7149823092753996,-1.6052853382074452,-1.3334825886381616,0.37367677343899414,-1.4200232144696336,0
-0.42227702823097985,0.9744656350461743,-0.9102742066033406,1.674846864082899,0.02281252794008676,1
-1.6353536549044512,-1.6630409570116307,-1.1218783976207511,-0.9274933172049109,-2.6478209375779054,0
1.5868811346969571,-0.41166921625427794,-1.7566909706729825,0.9519745915029519,-0.28933943556201636,1
0.032626706771571916,-1.1432403877739612,-0.27546163355110914,-0.49376995365694254,-0.941390203766409,1
1.0182514659437674,1.7445405524353144,1.4879066249273116,0.8074001369869624,2.5477750771570977,1
1.5110638455298653,1.494266204283844,1.699510815944722,-0.060046590108974215,2.742002965558407,1
-0.3085510944803419,-1.02772915016559,-1.6861562403338457,-1.5057911352688687,-1.7391118882717835,0
0.41171315260703173,-0.1421429951680789,-0.8397394762642038,-1.3612166807528792,-0.28933943556201636,1
-1.2941758536525374,0.031123861244477618,-0.6281352852467933,1.674846864082899,-0.9968838861667829,1
-0.4980943173980718,0.7434431598294322,1.6289760856055853,1.5302724095669096,1.0633190729470967,1
0.032626706771571916,-1.0662328960350471,-0.48706582456851966,-0.638344408172932,-0.9899471758667363,1
-0.3464597390638879,1.4172587125449299,-0.5576005549076565,-0.20462104462496367,0.5569392210436855,1
-1.0288153415677155,-1.3742628629907032,1.4879066249273116,0.22910231892300467,-0.8234661286656145,1
1.3215206226121352,-0.604187945601563,0.8530940518750801,-0.9274933172049109,0.7095468476447135,1
-1.4837190765702672,-0.9314697854919476,-1.3334825886381616,1.0965490460189413,-2.141441085674494,0
-1.5974450103209052,0.37765757406959066,-1.7566909706729825,-1.2166422262368897,-1.4685801865699608,0
-1.4837190765702672,0.8974581433072603,0.9941635125533538,1.5302724095669096,0.3210910708420967,1
-0.38436838364743386,-0.64269169147102,-1.1218783976207511,-0.49376995365694254,-1.2257953260683252,0
0.22216992968930183,1.2247399831976449,-0.34599636389024596,-0.9274933172049109,0.8344076330455545,1
1.5489724901134112,0.7626950327641607,-1.545086779655572,-1.3612166807528792,0.6401797446442464,1
-0.11900787156261201,1.0129693809156313,1.6289760856055853,-0.20462104462496367,1.4656482703498075,1
-0.005281937811974064,0.5701763034168758,-1.7566909706729825,0.662825682470973,-0.4558204827631375,1
-0.5360029619816178,-0.1998986139722644,-0.8397394762642038,0.22910231892300467,-0.8512129698658015,1
-1.7111709440715432,0.3006500823306767,0.14774674848371183,-1.2166422262368897,-0.6500483711644462,1
1.624789779280503,-1.451270354729617,1.1352329732316275,0.8074001369869624,0.404331594442657,1
1.6626984238640492,-1.451270354729617,-0.27546163355110914,-0.7829188626889214,-0.268529304661876,1
-0.23273380531324994,1.494266204283844,1.6289760856055853,0.662825682470973,1.7500533926517237,1
1.2836119780285893,1.4172587125449299,-0.6281352852467933,1.3856979550509203,1.41709129824948,1
-1.0667239861512616,-1.7207965758158161,1.2763024339099012,1.0965490460189413,-1.198048484868138,0
1.5868811346969571,-0.989225404296133,-0.5576005549076565,-1.2166422262368897,-0.11592167806084804,1
0.5254390863576697,-1.5667815923379882,1.4879066249273116,-1.6503655897848581,-0.10898496776080083,1
-0.7255461848993477,1.263243729067102,1.1352329732316275,1.674846864082899,1.0702557832471433,1
-0.9909066969841696,-1.1047366419045042,-0.20492690321197232,1.0965490460189413,-1.440833345369774,0
-1.4837190765702672,-1.3550109900559746,-1.3334825886381616,-1.5057911352688687,-2.4466563388765503,0
-1.1425412753183535,0.6856875410252468,1.5584413552664484,-0.3491954991409531,0.6332430343441993,1
0.5633477309412157,1.3980068396102014,-0.5576005549076565,-0.7829188626889214,1.0425089420469564,1
-0.9150894078170776,-1.3357591171212462,1.1352329732316275,0.662825682470973,-0.9067066522661754,1
0.2600785742728478,1.4750143313491153,-1.1218783976207511,0.5182512279549836,0.6540531652443397,1
1.4731552009463191,0.26214633646121965,-0.4165310942293828,-0.49376995365694254,0.7927873712452744,1
1.2457033334450434,0.5124206846126902,0.923628782214217,-1.6503655897848581,1.507268532150088,1
0.37380450802348575,0.08887948004866313,-0.4165310942293828,-0.9274933172049109,0.06443278974036751,1
-1.4458104319867213,-0.25765423277644994,0.42988566984025917,0.9519745915029519,-0.7679724462652406,1
-1.5595363657373593,-1.5860334652727166,1.2763024339099012,0.08452786440701522,-1.3714662423693065,0
1.1319773996944054,1.1862362373281878,0.35935093950112235,-0.3491954991409531,1.6529394484510695,1
0.5254390863576697,-1.0084772772308617,-0.20492690321197232,1.3856979550509203,-0.5390610063636984,1
-0.42227702823097985,-0.33466172451536397,-0.13439217287283547,0.22910231892300467,-0.5390610063636984,1
-0.11900787156261201,-0.8929660396224905,-0.6281352852467933,0.662825682470973,-1.0176940170669233,1
0.33589586343993977,-0.9122179125572191,0.006677287805438178,1.674846864082899,-0.4696939033632313,1
0.10844399593866388,-0.9314697854919476,1.2763024339099012,-1.2166422262368897,0.015875817640040174,1
1.5110638455298653,1.263243729067102,-0.20492690321197232,0.8074001369869624,1.6390660278509757,1
1.0561601105273135,-0.16139486810280743,1.6289760856055853,-1.3612166807528792,1.264483671648452,1
1.5868811346969571,1.6675330606964005,0.006677287805438178,-0.20462104462496367,2.0760787767539197,1
0.22216992968930183,0.7241912868947037,-0.6986700155859301,-1.0720677717209004,0.30028093994195637,1
1.4352465563627732,-1.02772915016559,-0.9102742066033406,0.08452786440701522,-0.4003268003627636,1
0.9045255321931295,-1.6437890840769023,1.4173718945881748,-0.3491954991409531,0.008939107339993589,1
1.6626984238640492,-0.41166921625427794,1.699510815944722,1.3856979550509203,1.4517748497497143,1
1.4731552009463191,1.4750143313491153,-0.9808089369424775,1.674846864082899,1.389344457049293,1
0.2600785742728478,-0.2769061057111784,-1.7566909706729825,0.8074001369869624,-0.9205800728662689,1
1.6626984238640492,0.18513884472230566,0.07721201814457501,0.08452786440701522,1.0841292038472372,1
-0.7634548294828937,-1.5860334652727166,0.7825593215359433,-0.20462104462496367,-1.177238353967998,0
-0.08109922697906603,-1.220247879512875,-1.545086779655572,0.662825682470973,-1.6836182058714098,0
-0.4601856728145258,-0.37316547038482095,0.500420400179396,-0.7829188626889214,-0.2754660149619226,1
0.41171315260703173,-1.1432403877739612,1.4173718945881748,-1.3612166807528792,0.09911634124060105,1
-0.3085510944803419,1.1669843643934594,-1.6861562403338457,1.674846864082899,-0.15754193986112816,1
0.5254390863576697,-0.9507216584266761,0.21828147882284868,-0.7829188626889214,-0.28933943556201636,1
0.41171315260703173,-0.450172962123735,1.0646982428924907,-0.7829188626889214,0.42514172534279737,1
0.14635264052220986,-0.5464323267973775,-0.4165310942293828,-1.0720677717209004,-0.5182508754635586,1
0.7149823092753996,1.2054881102629162,0.006677287805438178,0.22910231892300467,1.264483671648452,1
-0.19482516072970396,-1.7015447028810877,0.14774674848371183,-0.638344408172932,-1.2604788775685587,0
1.5110638455298653,0.26214633646121965,-0.34599636389024596,-0.638344408172932,0.8482810536456483,1
1.2457033334450434,-1.3935147359254316,1.1352329732316275,-0.9274933172049109,0.23785054724153584,1
0.7528909538589456,0.031123861244477618,0.35935093950112235,-1.2166422262368897,0.6124329034440594,1
-0.6876375403158017,-1.0854847689697755,1.699510815944722,-0.7829188626889214,-0.3240229870622499,1
-1.1425412753183535,-1.6052853382074452,-0.13439217287283547,0.9519745915029519,-1.850099253072531,0
0.2600785742728478,0.08887948004866313,0.7120245911968065,1.0965490460189413,0.5569392210436855,1
0.18426128510575585,-1.1624922607086896,1.699510815944722,-0.7829188626889214,0.09911634124060105,1
-0.6876375403158017,1.1477324914587308,-0.06385744253369866,-0.7829188626889214,0.41820501504275076,1
-0.5739116065651638,1.2054881102629162,1.2763024339099012,-1.2166422262368897,1.1812431480478913,1
-0.9909066969841696,-1.3550109900559746,0.7120245911968065,1.0965490460189413,-1.1703016436679512,0
-0.7634548294828937,1.3402512208060158,0.35935093950112235,1.3856979550509203,0.7234202682448067,1
1.5110638455298653,0.9359618891767173,0.21828147882284868,1.0965490460189413,1.6113191866507888,1
0.10844399593866388,-1.0084772772308617,-0.8397394762642038,-1.0720677717209004,-1.0801244097673437,0
-1.5216277211538134,-1.4705222276643457,-0.6986700155859301,1.5302724095669096,-2.2385550298751484,0
-1.5216277211538134,-1.02772915016559,0.14774674848371183,-0.9274933172049109,-1.5032637380701945,0
0.6012563755247616,-1.0084772772308617,0.2888162091619855,-0.49376995365694254,-0.2546558840617822,1
-1.5216277211538134,-0.2769061057111784,-0.48706582456851966,0.662825682470973,-1.2743522981686521,0
1.2836119780285893,-0.02663175755970789,-0.8397394762642038,1.5302724095669096,0.27253409874176937,1
0.2979872188563938,1.0707249997198167,-1.0513436672816143,0.8074001369869624,0.41820501504275076,1
0.9424341767766755,0.08887948004866313,-0.13439217287283547,0.22910231892300467,0.5153189592434048,1
0.4875304417741237,-0.37316547038482095,0.7120245911968065,1.674846864082899,0.34883791204228304,1
1.624789779280503,-1.3165072441865175,-0.48706582456851966,-1.2166422262368897,-0.29627614586206297,1
-0.9529980524006236,1.686784933631129,-1.0513436672816143,1.5302724095669096,0.17542015454111473,1
-1.1425412753183535,1.1284806185240024,0.6414898608576697,-1.3612166807528792,0.5014455386433117,1
-1.4079017874031754,-0.873714166687762,0.7120245911968065,0.8074001369869624,-1.0523775685671568,0
1.6626984238640492,-0.0073798846249793874,-1.7566909706729825,0.08452786440701522,0.04362265884022713,1
-1.7111709440715432,-0.045883630494436396,-0.5576005549076565,0.5182512279549836,-1.2466054569684653,0
-0.6876375403158017,-0.39241734331954947,1.346837164249038,-0.9274933172049109,0.0020023970399463877,1
0.22216992968930183,-0.7967066749488481,-0.6986700155859301,0.8074001369869624,-0.7957192874654276,1
0.8666168876095836,-1.2394997524476037,1.0646982428924907,0.37367677343899414,0.10605305154064763,1
-1.5595363657373593,-0.10363924929862191,-1.0513436672816143,0.8074001369869624,-1.4477700556698205,0
1.2836119780285893,-0.8544622937530335,-0.6986700155859301,0.9519745915029519,-0.2546558840617822,1
-0.2706424498967959,0.4739169387432332,-1.4745520493164352,1.2411235005349308,-0.5321242960636517,1
0.37380450802348575,-1.0662328960350471,-0.9102742066033406,-1.0720677717209004,-1.0107573067668765,1
-0.11900787156261201,0.14663509885284864,-0.48706582456851966,-0.20462104462496367,-0.1991622016614083,1
-0.38436838364743386,-0.9699735313614045,-1.7566909706729825,1.674846864082899,-1.773795439772017,0
-0.11900787156261201,1.0899768726545453,1.6289760856055853,-1.0720677717209004,1.5211419527501813,1
1.624789779280503,-1.6245372111421736,1.2763024339099012,-1.5057911352688687,0.34883791204228304,1
-0.6497288957322558,1.5520218230880294,1.2763024339099012,-0.49376995365694254,1.389344457049293,1
-1.7490795886550892,-1.7015447028810877,0.8530940518750801,1.3856979550509203,-1.7668587294719702,0
-1.1804499199018994,1.5135180772185723,1.1352329732316275,1.2411235005349308,1.0008886802466763,1
-1.3699931428196295,0.05037573417920612,-1.4040173189772984,-0.638344408172932,-1.40614979386954,0
0.4875304417741237,0.43541319287377617,-1.7566909706729825,1.2411235005349308,-0.2824027252619692,1
1.6626984238640492,-0.43092108918900646,-0.06385744253369866,0.662825682470973,0.5708126416437788,1
0.7907995984424916,0.22364259059176264,-0.8397394762642038,-0.9274933172049109,0.18235686484116193,1
-1.5595363657373593,-0.7774548020141195,-1.7566909706729825,1.3856979550509203,-2.2801752916754285,0
0.5633477309412157,1.5905255689574864,-1.0513436672816143,-1.2166422262368897,0.9384582875462558,1
-0.11900787156261201,0.4546650658085047,-0.9102742066033406,1.2411235005349308,-0.18528878106131513,1
-0.9150894078170776,-0.9507216584266761,0.7120245911968065,-1.2166422262368897,-0.8373395492657081,1
1.0182514659437674,1.6097774418922148,-0.7692047459250669,0.5182512279549836,1.3407874849489663,1
1.3215206226121352,-1.1239885148392326,-0.8397394762642038,-1.2166422262368897,-0.49744074456341825,1
-1.2562672090689915,-1.3550109900559746,-0.13439217287283547,-0.20462104462496367,-1.7321751779717367,0
-0.8013634740664397,-1.2394997524476037,0.21828147882284868,-1.3612166807528792,-1.2257953260683252,0
-0.9909066969841696,-1.3742628629907032,0.500420400179396,-0.638344408172932,-1.2882257187687456,0
-0.8392721186499856,0.05037573417920612,1.4879066249273116,0.22910231892300467,0.3072176502420029,1
0.032626706771571916,0.12738322591812012,-0.6281352852467933,0.662825682470973,-0.1991622016614083,1
-0.6118202511487097,-0.6619435644057485,0.500420400179396,-1.6503655897848581,-0.5668078475638854,1
0.4875304417741237,1.03222125385036,-1.7566909706729825,-0.49376995365694254,0.1476733133409284,1
0.8666168876095836,-0.758202929079391,0.2888162091619855,1.3856979550509203,0.07136950004041409,1
-0.38436838364743386,0.12738322591812012,-0.06385744253369866,0.08452786440701522,-0.15060522956108158,1
-0.11900787156261201,-0.25765423277644994,-0.06385744253369866,1.2411235005349308,-0.2824027252619692,1
-0.9150894078170776,-0.565684199732106,-0.6986700155859301,-1.6503655897848581,-1.253542167268512,0
-1.5216277211538134,0.3006500823306767,-0.48706582456851966,-0.20462104462496367,-0.8581496801658484,1
1.0561601105273135,0.031123861244477618,1.2057677035707643,-0.7829188626889214,1.195116568647985,1
0.2600785742728478,0.5124206846126902,1.1352329732316275,0.22910231892300467,1.0702557832471433,1
-1.1804499199018994,1.3595030937407444,0.9941635125533538,0.22910231892300467,0.8205342124454613,1
-0.5739116065651638,1.263243729067102,-0.7692047459250669,-1.2166422262368897,0.21704041634139548,1
-0.38436838364743386,-0.35391359745009243,0.2888162091619855,-0.060046590108974215,-0.3240229870622499,1
1.0182514659437674,-1.6052853382074452,-0.13439217287283547,0.8074001369869624,-0.66392179176454,1
-0.6118202511487097,-0.8544622937530335,1.5584413552664484,-0.7829188626889214,-0.18528878106131513,1
1.4731552009463191,0.5509244304821472,-1.545086779655572,0.662825682470973,0.4459518562429377,1
0.8287082430260375,0.6086800492863327,-1.2629478582990248,0.9519745915029519,0.27253409874176937,1
-1.3320844982360833,1.7445405524353144,-0.6281352852467933,0.37367677343899414,0.21704041634139548,1
1.5868811346969571,-0.31540985158063545,-1.3334825886381616,0.8074001369869624,-0.011871023560146785,1
-1.4079017874031754,-0.7004473102752055,-0.34599636389024596,0.9519745915029519,-1.4477700556698205,0
0.2979872188563938,-0.18064674103753592,-1.2629478582990248,-0.49376995365694254,-0.5876179784640257,1
-1.6353536549044512,-0.25765423277644994,-0.9102742066033406,-0.3491954991409531,-1.5310105792703814,0
-0.3085510944803419,-1.6630409570116307,-0.9102742066033406,1.2411235005349308,-1.8154157015722976,0
1.624789779280503,0.5509244304821472,-0.9808089369424775,-0.7829188626889214,0.8066607918453675,1
-0.8392721186499856,-1.451270354729617,1.2057677035707643,1.674846864082899,-0.913643362566222,1
0.4875304417741237,-1.3935147359254316,0.35935093950112235,1.5302724095669096,-0.5598711372638387,1
1.3215206226121352,-0.565684199732106,0.9941635125533538,1.3856979550509203,0.8066607918453675,1
-0.043190582395520045,-0.64269169147102,0.2888162091619855,-0.060046590108974215,-0.3448331179623903,1
-1.7111709440715432,0.5316725575474187,0.500420400179396,1.3856979550509203,-0.31014956646215613,1
-0.5360029619816178,1.2439918561323733,1.4879066249273116,-1.6503655897848581,1.3338507746489199,1
-0.2706424498967959,-0.7967066749488481,-0.9808089369424775,1.0965490460189413,-1.2049851951681851,0
-0.11900787156261201,-0.8544622937530335,-0.48706582456851966,1.5302724095669096,-0.9205800728662689,1
0.18426128510575585,-1.02772915016559,0.9941635125533538,-0.638344408172932,-0.15060522956108158,1
-0.42227702823097985,1.2247399831976449,0.42988566984025917,0.8074001369869624,0.8621544742457415,1
0.7528909538589456,1.3787549666754728,0.21828147882284868,0.37367677343899414,1.5142052424501347,1
-1.6353536549044512,-0.565684199732106,-1.4040173189772984,-1.0720677717209004,-1.9957701693735126,0
-0.19482516072970396,-0.5464323267973775,0.9941635125533538,0.5182512279549836,-0.011871023560146785,1
0.9803428213602214,-0.8544622937530335,-1.1218783976207511,-1.6503655897848581,-0.6292382402643059,1
-1.0288153415677155,-0.25765423277644994,0.14774674848371183,-0.3491954991409531,-0.6777952123646331,1
1.624789779280503,0.3006500823306767,-1.6861562403338457,-0.3491954991409531,0.279470809041816,1
-0.15691651614615798,0.4739169387432332,0.7120245911968065,0.662825682470973,0.6054961931440123,1
0.0705353513551179,0.9359618891767173,1.0646982428924907,-1.5057911352688687,1.236736830448265,1
0.2979872188563938,-0.7389510561446625,-0.4165310942293828,-0.49376995365694254,-0.573744557863932,1
-0.6118202511487097,1.5712736960227578,0.2888162091619855,-1.6503655897848581,0.9384582875462558,1
1.4352465563627732,0.3969094470043192,1.2763024339099012,1.5302724095669096,1.7014964205513963,1
-0.15691651614615798,-0.46942483505846344,0.7825593215359433,-0.9274933172049109,-0.03961786476033374,1
1.6626984238640492,-0.1998986139722644,-1.2629478582990248,-0.9274933172049109,0.1476733133409284,1
1.2836119780285893,0.5509244304821472,-1.3334825886381616,0.9519745915029519,0.4459518562429377,1
0.7907995984424916,-1.7207965758158161,-0.6281352852467933,-0.060046590108974215,-1.1148079612675774,0
-0.6497288957322558,0.5701763034168758,-1.7566909706729825,-1.6503655897848581,-0.8095927080655211,1
-0.9529980524006236,0.9552137621114458,-0.9102742066033406,-1.3612166807528792,-0.2824027252619692,1
-0.7634548294828937,-1.3357591171212462,0.7825593215359433,0.08452786440701522,-0.9968838861667829,1
-1.4837190765702672,0.6856875410252468,-0.8397394762642038,-0.49376995365694254,-0.7332888947650071,1
0.6770736646918536,1.5520218230880294,0.8530940518750801,0.662825682470973,1.9095977295527982,1
-0.9150894078170776,-0.7774548020141195,0.07721201814457501,1.2411235005349308,-1.02463072736697,1
0.032626706771571916,-0.873714166687762,-1.6156215099947089,0.22910231892300467,-1.40614979386954,0
-0.6497288957322558,1.2824956020018303,0.35935093950112235,0.08452786440701522,0.744230399144947,1
1.6626984238640492,0.2813982093959482,1.2763024339099012,0.22910231892300467,1.743116682351677,1
0.5254390863576697,1.3209993478712874,-1.3334825886381616,0.8074001369869624,0.5846860622438725,1
-1.3320844982360833,-0.5849360726668345,-1.7566909706729825,-1.2166422262368897,-2.016580300273653,0
-1.2183585644854455,-0.1421429951680789,-1.2629478582990248,1.3856979550509203,-1.392276373269447,0
1.3594292671956814,1.1092287455892738,1.2763024339099012,1.0965490460189413,2.1731927209545745,1
-1.4837190765702672,0.31990195526540516,-1.3334825886381616,-0.060046590108974215,-1.2396687466684186,0
-0.38436838364743386,0.5894281763516043,0.006677287805438178,-1.6503655897848581,0.21704041634139548,1
-1.1046326307348076,-0.9699735313614045,-0.6281352852467933,0.9519745915029519,-1.6142511028709423,0
-1.1804499199018994,-1.0469810231003185,1.2763024339099012,-0.9274933172049109,-0.7749091565652876,1
0.14635264052220986,0.16588697178757714,-1.192413127959888,1.674846864082899,-0.3864533797626704,1
-1.5595363657373593,-1.5667815923379882,0.006677287805438178,0.9519745915029519,-1.981896748773419,0
-0.9529980524006236,0.9359618891767173,-0.13439217287283547,-0.7829188626889214,0.08524292064050726,1
-0.4980943173980718,1.0707249997198167,-0.27546163355110914,-0.3491954991409531,0.36271133264237687,1
-0.5360029619816178,0.05037573417920612,1.1352329732316275,-0.638344408172932,0.30028093994195637,1
-0.2706424498967959,-1.220247879512875,-1.6861562403338457,0.9519745915029519,-1.857035963372578,0
-0.7255461848993477,-1.6052853382074452,1.699510815944722,-1.3612166807528792,-0.7194154741649136,1
-0.3464597390638879,-1.5282778464685312,0.2888162091619855,-0.638344408172932,-1.1494915127678111,0
-0.42227702823097985,1.2824956020018303,-0.4165310942293828,-0.7829188626889214,0.4875721180432179,1
-0.19482516072970396,1.3787549666754728,-0.13439217287283547,1.3856979550509203,0.8205342124454613,1
0.8666168876095836,1.2054881102629162,-0.13439217287283547,1.2411235005349308,1.2783570922485459,1
0.9424341767766755,1.2824956020018303,-0.9808089369424775,-0.49376995365694254,0.9592684184463962,1
0.5633477309412157,-1.451270354729617,-0.34599636389024596,1.5302724095669096,-0.9067066522661754,1
1.5868811346969571,0.5701763034168758,1.2057677035707643,-0.20462104462496367,1.8749141780525647,1
1.624789779280503,1.2824956020018303,-1.7566909706729825,-0.9274933172049109,0.9523317081463489,1
-0.7255461848993477,-0.989225404296133,1.346837164249038,1.674846864082899,-0.4488837724630909,1
0.5254390863576697,0.6086800492863327,0.9941635125533538,-0.7829188626889214,1.2159266995481248,1
-1.2183585644854455,0.08887948004866313,1.0646982428924907,-0.7829188626889214,-0.08123812656061387,1
1.2457033334450434,1.3595030937407444,-1.4745520493164352,-1.5057911352688687,0.9384582875462558,1
-1.1425412753183535,0.9552137621114458,1.2763024339099012,0.8074001369869624,0.6887367167445732,1
-0.11900787156261201,-0.9122179125572191,-0.9808089369424775,1.674846864082899,-1.2049851951681851,0
-1.2562672090689915,0.7819469056988892,0.2888162091619855,-0.9274933172049109,0.015875817640040174,1
-0.043190582395520045,1.3980068396102014,0.500420400179396,-1.6503655897848581,1.2298001201482185,1
0.8666168876095836,-0.9314697854919476,0.7825593215359433,-1.3612166807528792,0.1892935751412085,1
-0.4601856728145258,-1.0662328960350471,-0.20492690321197232,0.37367677343899414,-1.1217446715676243,0
0.0705353513551179,-1.1239885148392326,0.923628782214217,-0.9274933172049109,-0.31708627676220336,1
-1.6732622994879973,1.2824956020018303,0.500420400179396,-0.7829188626889214,0.25172396784162904,1
0.7149823092753996,1.3209993478712874,0.07721201814457501,0.9519745915029519,1.3824077467492466,1
-0.4980943173980718,0.7819469056988892,0.21828147882284868,0.08452786440701522,0.39739488414261037,1
0.8666168876095836,0.06962760711393462,-1.4040173189772984,-1.3612166807528792,-0.16447865016117474,1
1.6626984238640492,0.8204506515683463,0.7825593215359433,-1.3612166807528792,1.8887875986526583,1
0.6391650201083077,-1.5475297194032596,-0.27546163355110914,1.0965490460189413,-0.8997699419661286,1
1.624789779280503,0.3584057011348622,-0.5576005549076565,0.5182512279549836,0.8760278948458353,1
0.2600785742728478,-0.9314697854919476,1.699510815944722,0.08452786440701522,0.3072176502420029,1
0.0705353513551179,0.16588697178757714,1.4173718945881748,-0.060046590108974215,0.8552177639456949,1
1.2836119780285893,-0.35391359745009243,0.9941635125533538,0.5182512279549836,0.9384582875462558,1
1.5868811346969571,1.1669843643934594,0.42988566984025917,-1.6503655897848581,1.9234711501528918,1
1.6626984238640492,-0.527180453862649,1.2763024339099012,0.37367677343899414,1.1604330171477515,1
-0.23273380531324994,0.011871988309749115,0.500420400179396,-0.3491954991409531,0.126863182440788,1
-0.6118202511487097,1.494266204283844,0.8530940518750801,-1.5057911352688687,1.1604330171477515,1
-1.6353536549044512,-0.12289112223335041,0.21828147882284868,0.5182512279549836,-0.8789598110659885,1
1.1319773996944054,-1.3935147359254316,0.21828147882284868,1.3856979550509203,-0.2754660149619226,1
0.6770736646918536,-1.6630409570116307,1.1352329732316275,-0.20462104462496367,-0.268529304661876,1
1.3215206226121352,0.14663509885284864,-1.192413127959888,1.674846864082899,0.24478725754158243,1
-1.3320844982360833,-0.39241734331954947,-0.20492690321197232,1.3856979550509203,-1.1148079612675774,0
1.4731552009463191,1.0129693809156313,-0.6986700155859301,0.08452786440701522,1.195116568647985,1
0.4496217971905777,-1.02772915016559,-0.34599636389024596,-0.3491954991409531,-0.66392179176454,1
-0.3085510944803419,-1.3165072441865175,1.2057677035707643,0.5182512279549836,-0.5251875857636052,1
-0.4601856728145258,-1.0084772772308617,1.4173718945881748,0.37367677343899414,-0.2824027252619692,1
1.3594292671956814,-0.6619435644057485,0.21828147882284868,-0.638344408172932,0.37658475324247004,1
-1.1046326307348076,-0.41166921625427794,-1.7566909706729825,0.8074001369869624,-1.7668587294719702,0
-0.8392721186499856,1.2824956020018303,-1.6861562403338457,-1.0720677717209004,-0.36564324886253,1
-0.5739116065651638,-1.3357591171212462,0.21828147882284868,1.674846864082899,-1.1703016436679512,0
0.8666168876095836,1.1284806185240024,-1.3334825886381616,1.3856979550509203,0.6332430343441993,1
-0.5739116065651638,1.6482811877616719,-0.20492690321197232,-1.5057911352688687,0.771977240345134,1
-0.9150894078170776,1.1092287455892738,-1.545086779655572,1.0965490460189413,-0.4627571930631847,1
1.5110638455298653,-1.220247879512875,-1.4040173189772984,-0.9274933172049109,-0.7402256050650536,1
-0.8392721186499856,-1.4320184817948887,1.346837164249038,1.5302724095669096,-0.8304028389656615,1
-1.2941758536525374,-1.6630409570116307,1.4173718945881748,1.3856979550509203,-1.2119219054682318,0
-1.2183585644854455,1.3595030937407444,-0.6986700155859301,0.662825682470973,-0.03268115446028716,1
0.7149823092753996,-0.5079285809279205,1.1352329732316275,-0.9274933172049109,0.5846860622438725,1
1.1698860442779513,0.6279319222210612,-0.5576005549076565,1.2411235005349308,0.8205342124454613,1
-0.7634548294828937,1.7060368065658573,0.14774674848371183,-1.2166422262368897,0.8829646051458818,1
-0.3085510944803419,1.5520218230880294,0.7120245911968065,-1.5057911352688687,1.2991672231486857,1
1.4352465563627732,-1.1432403877739612,-1.192413127959888,-1.2166422262368897,-0.6223015299642592,1
0.18426128510575585,1.3402512208060158,-0.5576005549076565,1.5302724095669096,0.7927873712452744,1
-0.6497288957322558,0.5894281763516043,0.07721201814457501,-0.9274933172049109,0.10605305154064763,1
0.18426128510575585,-0.6619435644057485,-1.2629478582990248,0.662825682470973,-0.9968838861667829,1
0.6012563755247616,0.6856875410252468,0.5709551305185329,1.2411235005349308,1.1049393347473775,1
1.5110638455298653,-1.5475297194032596,0.07721201814457501,-0.638344408172932,-0.24771917376173563,1
-0.6118202511487097,-1.0469810231003185,1.0646982428924907,1.0965490460189413,-0.5668078475638854,1
-1.2562672090689915,1.3402512208060158,-1.4040173189772984,-0.49376995365694254,-0.41420022096285736,1
-0.38436838364743386,-1.2394997524476037,-0.48706582456851966,-0.20462104462496367,-1.3437194011691196,0
1.3594292671956814,-1.2972553712517891,-0.7692047459250669,-1.0720677717209004,-0.5668078475638854,1
1.5489724901134112,-0.6619435644057485,-1.6156215099947089,0.22910231892300467,-0.42113693126290397,1
-1.3699931428196295,-0.31540985158063545,-0.34599636389024596,0.08452786440701522,-1.1494915127678111,0
0.33589586343993977,0.8782062703725317,-0.27546163355110914,-0.060046590108974215,0.6818000064445265,1
0.2979872188563938,-0.48867670799319196,-0.7692047459250669,-0.7829188626889214,-0.5668078475638854,1
1.0561601105273135,-1.3550109900559746,-1.7566909706729825,-1.5057911352688687,-1.2604788775685587,0
-0.9150894078170776,1.3209993478712874,-0.34599636389024596,0.662825682470973,0.279470809041816,1
1.5489724901134112,-0.12289112223335041,0.5709551305185329,-0.20462104462496367,1.0425089420469564,1
-1.3699931428196295,1.5905255689574864,-1.4745520493164352,-0.638344408172932,-0.3309596973622965,1
0.22216992968930183,-1.3935147359254316,0.9941635125533538,-0.3491954991409531,-0.393390090062717,1
-0.7634548294828937,0.26214633646121965,-0.8397394762642038,-1.5057911352688687,-0.6431116608643996,1
-1.6353536549044512,1.532769950153301,0.006677287805438178,1.5302724095669096,0.2101037060413489,1
1.624789779280503,-1.02772915016559,0.7825593215359433,-0.3491954991409531,0.5361290901435452,1
1.5868811346969571,-1.1624922607086896,-1.3334825886381616,1.5302724095669096,-0.6223015299642592,1
1.3594292671956814,0.14663509885284864,-0.6281352852467933,-0.7829188626889214,0.5430658004435918,1
0.4496217971905777,-1.0662328960350471,1.4879066249273116,-0.7829188626889214,0.2101037060413489,1
-1.2183585644854455,1.2439918561323733,1.346837164249038,1.674846864082899,0.8899013154459284,1
-1.4837190765702672,0.22364259059176264,0.7120245911968065,-0.060046590108974215,-0.3032128561621095,1
-0.42227702823097985,-0.02663175755970789,-0.5576005549076565,1.2411235005349308,-0.5251875857636052,1
0.7528909538589456,0.26214633646121965,1.699510815944722,-1.2166422262368897,1.4379014291496204,1
-0.9529980524006236,1.7060368065658573,1.5584413552664484,-1.2166422262368897,1.4725849806498539,1
-1.6732622994879973,-0.64269169147102,-0.7692047459250669,-0.638344408172932,-1.7599220191719236,0
-0.38436838364743386,-1.4320184817948887,1.5584413552664484,-0.7829188626889214,-0.47663061366327786,1
1.5489724901134112,-0.565684199732106,-1.4040173189772984,0.8074001369869624,-0.24771917376173563,1
1.2077946888614974,0.8397025245030748,-0.20492690321197232,1.674846864082899,1.167369727447798,1
-1.2183585644854455,-0.64269169147102,0.2888162091619855,-1.5057911352688687,-0.9899471758667363,1
-0.5360029619816178,0.9359618891767173,1.346837164249038,0.37367677343899414,1.0425089420469564,1
-0.8392721186499856,0.43541319287377617,-0.34599636389024596,1.674846864082899,-0.31708627676220336,1
0.7907995984424916,-1.6630409570116307,-1.0513436672816143,-0.9274933172049109,-1.281289008468699,0
-0.9150894078170776,-0.1998986139722644,0.500420400179396,-1.6503655897848581,-0.4003268003627636,1
-1.4458104319867213,0.7241912868947037,-0.9808089369424775,-1.0720677717209004,-0.7540990256651472,1
0.18426128510575585,0.5124206846126902,-0.8397394762642038,-0.060046590108974215,0.05749607944032031,1
-1.1804499199018994,0.6471837951557897,0.42988566984025917,-0.9274933172049109,0.029749238240133348,1
-1.1804499199018994,0.6471837951557897,1.5584413552664484,1.3856979550509203,0.5846860622438725,1
-0.8771807632335317,-0.7774548020141195,1.5584413552664484,-0.7829188626889214,-0.2754660149619226,1
-0.23273380531324994,0.3006500823306767,-0.4165310942293828,1.0965490460189413,-0.11592167806084804,1
-0.2706424498967959,-0.23840235984172142,-0.06385744253369866,1.3856979550509203,-0.35176982826243686,1
-0.9909066969841696,-0.5849360726668345,-0.4165310942293828,0.5182512279549836,-1.1703016436679512,0
0.7907995984424916,1.5905255689574864,1.4879066249273116,0.08452786440701522,2.3119269269555085,1
-1.1804499199018994,0.3969094470043192,-1.6156215099947089,-1.5057911352688687,-1.1564282230678578,0
0.6391650201083077,-0.450172962123735,0.8530940518750801,-0.638344408172932,0.4459518562429377,1
1.2077946888614974,0.6471837951557897,0.14774674848371183,-0.49376995365694254,1.2020532789480316,1
0.37380450802348575,-0.8929660396224905,-0.8397394762642038,-0.49376995365694254,-0.8512129698658015,1
-0.3464597390638879,0.3006500823306767,0.2888162091619855,-0.20462104462496367,0.16848344424106815,1
0.10844399593866388,0.7049394139599753,1.699510815944722,1.3856979550509203,1.4032178776493869,1
1.5868811346969571,-0.8544622937530335,-0.9808089369424775,1.2411235005349308,-0.22690904286159524,1
-0.043190582395520045,1.0514731267850883,0.2888162091619855,-0.060046590108974215,0.8760278948458353,1
-1.1425412753183535,0.8589543974378032,-0.34599636389024596,1.3856979550509203,-0.17835207076126855,1
-1.3699931428196295,-0.989225404296133,0.35935093950112235,0.08452786440701522,-1.2882257187687456,0
-1.2183585644854455,-0.16139486810280743,-1.6156215099947089,0.37367677343899414,-1.5795675513707084,0
-1.5974450103209052,0.3969094470043192,-0.34599636389024596,0.662825682470973,-0.761035735965194,1
0.9803428213602214,0.8589543974378032,-0.20492690321197232,-0.9274933172049109,1.05638236264705,1
-0.6497288957322558,-0.2769061057111784,-0.9102742066033406,-0.638344408172932,-1.0038205964668299,1
-1.1804499199018994,0.31990195526540516,-1.1218783976207511,-0.7829188626889214,-0.9691370449665959,1
0.6012563755247616,0.8397025245030748,-0.9808089369424775,0.8074001369869624,0.4528885665429843,1
-0.9909066969841696,-0.835210420818305,1.2057677035707643,-1.2166422262368897,-0.5529344269637921,1
0.9803428213602214,0.5701763034168758,-1.4040173189772984,1.674846864082899,0.2586606781416756,1
1.2836119780285893,-1.7207965758158161,0.7120245911968065,-0.20462104462496367,-0.18528878106131513,1
1.3594292671956814,-0.43092108918900646,-1.1218783976207511,0.662825682470973,-0.11592167806084804,1
0.14635264052220986,0.7626950327641607,-0.27546163355110914,-1.3612166807528792,0.49450882834326504,1
0.7149823092753996,-0.565684199732106,0.500420400179396,0.9519745915029519,0.23091383694148865,1
1.5868811346969571,-0.8159585478835766,0.006677287805438178,0.8074001369869624,0.28640751934186254,1
-1.6732622994879973,-1.451270354729617,-0.20492690321197232,0.662825682470973,-2.06513727237398,0
-0.8771807632335317,1.532769950153301,1.6289760856055853,-0.7829188626889214,1.4240280085495272,1
0.2600785742728478,-1.0854847689697755,-0.20492690321197232,1.2411235005349308,-0.7402256050650536,1
-0.005281937811974064,-1.181744133643418,0.42988566984025917,0.22910231892300467,-0.6431116608643996,1
-1.7111709440715432,-1.1047366419045042,-0.13439217287283547,1.674846864082899,-1.8015422809722041,0
0.8287082430260375,0.43541319287377617,1.0646982428924907,-1.5057911352688687,1.292230512848639,1
1.6626984238640492,-1.4320184817948887,0.7825593215359433,-1.3612166807528792,0.2655973884417228,1
0.8666168876095836,-1.41276660886016,-0.13439217287283547,-1.2166422262368897,-0.6084281093641661,1
0.6770736646918536,-0.25765423277644994,1.346837164249038,-1.6503655897848581,0.8482810536456483,1
0.10844399593866388,0.6279319222210612,1.2057677035707643,-1.0720677717209004,1.1049393347473775,1
-1.6732622994879973,0.06962760711393462,-1.192413127959888,1.2411235005349308,-1.4547067659698674,0
0.0705353513551179,-1.4705222276643457,1.2763024339099012,0.662825682470973,-0.393390090062717,1
-0.005281937811974064,-0.7967066749488481,1.699510815944722,-0.49376995365694254,0.2586606781416756,1
1.3594292671956814,1.2824956020018303,-0.7692047459250669,-1.5057911352688687,1.292230512848639,1
-1.4837190765702672,1.03222125385036,0.2888162091619855,0.08452786440701522,0.07136950004041409,1
-0.9529980524006236,1.1477324914587308,-1.3334825886381616,-1.0720677717209004,-0.35176982826243686,1
0.4496217971905777,-1.5860334652727166,0.42988566984025917,-0.9274933172049109,-0.6847319226646797,1
-1.1804499199018994,-0.9699735313614045,0.923628782214217,0.22910231892300467,-0.892833231666082,1
-1.2183585644854455,1.6097774418922148,-1.2629478582990248,0.5182512279549836,-0.12979509866094122,1
0.2600785742728478,-1.1239885148392326,0.2888162091619855,-0.49376995365694254,-0.5251875857636052,1
0.14635264052220986,-0.2961579786459069,0.6414898608576697,-1.3612166807528792,0.18235686484116193,1
-1.0667239861512616,-1.3165072441865175,0.21828147882284868,-0.3491954991409531,-1.4269599247696805,0
1.4731552009463191,-1.1047366419045042,0.2888162091619855,-1.3612166807528792,0.15461002364097498,1
-0.8392721186499856,0.6279319222210612,1.2763024339099012,-1.6503655897848581,0.619369613744106,1
-0.3085510944803419,1.1669843643934594,0.5709551305185329,-1.5057911352688687,0.9523317081463489,1
